OrderID,Date,Product,Category,Region,Salesperson,Quantity,UnitPrice,Discount,Revenue,Cost,Profit
ORD-57242,2023-01-01,Notebook Pack,Stationery,South,Rahul Nair,10,247.69,0.0,2476.9,1172.4,1304.5
ORD-90427,2023-01-01,Mechanical Keyboard,Electronics,West,Meera Iyer,9,3384.6,0.15,25892.19,15146.84,10745.35
ORD-36255,2023-01-01,Office Chair Ergo,Furniture,North,Karthik Raj,13,10471.89,0.05,129327.84,71306.55,58021.29
ORD-97205,2023-01-01,Laptop Pro X1,Electronics,East,Rahul Nair,12,115755.27,0.2,1111250.59,738706.76,372543.83
ORD-75338,2023-01-02,USB Hub 7-Port,Electronics,West,Vikram Das,2,931.31,0.0,1862.62,1128.11,734.51
ORD-13379,2023-01-03,Mechanical Keyboard,Electronics,South,Rahul Nair,18,3751.96,0.0,67535.28,32246.85,35288.43
ORD-83519,2023-01-04,Monitor 27inch,Electronics,South,Karthik Raj,6,25412.31,0.1,137226.47,85960.97,51265.5
ORD-54740,2023-01-04,Monitor 27inch,Electronics,West,Priya Sharma,5,27022.49,0.1,121601.21,73264.94,48336.27
ORD-42441,2023-01-04,Laptop Pro X1,Electronics,East,Meera Iyer,18,99844.48,0.05,1707340.61,1119742.45,587598.16
ORD-44640,2023-01-05,Wireless Headphones,Electronics,West,Arjun Kumar,16,4523.75,0.05,68761.0,40258.95,28502.05
ORD-62685,2023-01-05,Standing Desk,Furniture,East,Rahul Nair,13,27918.87,0.0,362945.31,246583.56,116361.75
ORD-10294,2023-01-05,USB Hub 7-Port,Electronics,South,Arjun Kumar,8,1466.41,0.05,11144.72,5680.97,5463.75
ORD-24067,2023-01-05,Wireless Headphones,Electronics,South,Meera Iyer,12,4245.33,0.0,50943.96,28524.36,22419.6
ORD-54560,2023-01-05,Mechanical Keyboard,Electronics,South,Vikram Das,17,3319.39,0.0,56429.63,32491.75,23937.88
ORD-50123,2023-01-05,Standing Desk,Furniture,South,Sneha Pillai,10,19547.17,0.05,185698.11,106931.31,78766.8
ORD-58908,2023-01-05,Laptop Pro X1,Electronics,East,Meera Iyer,13,117399.19,0.05,1449880.0,1004220.47,445659.53
ORD-79615,2023-01-06,Notebook Pack,Stationery,North,Arjun Kumar,16,420.04,0.1,6048.58,2772.7,3275.88
ORD-88522,2023-01-06,Notebook Pack,Stationery,South,Arjun Kumar,14,397.16,0.0,5560.24,2873.33,2686.91
ORD-53165,2023-01-06,Laptop Pro X1,Electronics,East,Arjun Kumar,4,86680.12,0.0,346720.48,162528.88,184191.6
ORD-91968,2023-01-06,Monitor 27inch,Electronics,West,Rahul Nair,2,19537.03,0.0,39074.06,23413.96,15660.1
ORD-27947,2023-01-07,Notebook Pack,Stationery,East,Vikram Das,6,366.74,0.15,1870.37,1107.22,763.15
ORD-64636,2023-01-07,Office Chair Ergo,Furniture,West,Arjun Kumar,4,8488.89,0.15,28862.23,16002.95,12859.28
ORD-25269,2023-01-08,Monitor 27inch,Electronics,West,Priya Sharma,5,26430.22,0.1,118935.99,68998.16,49937.83
ORD-90951,2023-01-09,Notebook Pack,Stationery,West,Karthik Raj,10,345.78,0.2,2766.24,1541.45,1224.79
ORD-53855,2023-01-09,Laptop Pro X1,Electronics,South,Divya Menon,1,119904.21,0.0,119904.21,71525.57,48378.64
ORD-56179,2023-01-09,Desk Lamp LED,Furniture,North,Meera Iyer,10,2208.46,0.0,22084.6,13289.77,8794.83
ORD-50037,2023-01-10,Pen Set Premium,Stationery,South,Rahul Nair,20,350.22,0.0,7004.4,3593.94,3410.46
ORD-29410,2023-01-10,Wireless Headphones,Electronics,North,Rahul Nair,18,2590.07,0.0,46621.26,27768.9,18852.36
ORD-73334,2023-01-10,Standing Desk,Furniture,West,Sneha Pillai,2,25414.02,0.15,43203.83,29528.78,13675.05
ORD-17678,2023-01-10,Pen Set Premium,Stationery,North,Sneha Pillai,16,309.44,0.1,4455.94,2247.85,2208.09
ORD-92706,2023-01-10,Laptop Pro X1,Electronics,East,Priya Sharma,5,105396.42,0.2,421585.68,291854.25,129731.43
ORD-14716,2023-01-11,Desk Lamp LED,Furniture,North,Karthik Raj,13,1459.54,0.05,18025.32,9823.88,8201.44
ORD-10803,2023-01-12,Standing Desk,Furniture,East,Karthik Raj,3,21693.27,0.1,58571.83,34410.86,24160.97
ORD-11160,2023-01-12,Monitor 27inch,Electronics,North,Arjun Kumar,4,23245.63,0.0,92982.52,55454.14,37528.38
ORD-94180,2023-01-12,Wireless Headphones,Electronics,North,Rahul Nair,16,4144.82,0.0,66317.12,31246.36,35070.76
ORD-35307,2023-01-13,Notebook Pack,Stationery,North,Priya Sharma,15,305.45,0.15,3894.49,2028.34,1866.15
ORD-75401,2023-01-13,Monitor 27inch,Electronics,East,Sneha Pillai,12,26226.29,0.0,314715.48,177967.48,136748.0
ORD-67659,2023-01-13,Wireless Headphones,Electronics,East,Sneha Pillai,9,4618.98,0.05,39492.28,22340.04,17152.24
ORD-32377,2023-01-14,Pen Set Premium,Stationery,West,Sneha Pillai,1,194.38,0.0,194.38,130.3,64.08
ORD-23276,2023-01-14,Wireless Headphones,Electronics,North,Meera Iyer,5,4873.62,0.2,19494.48,11266.37,8228.11
ORD-87189,2023-01-14,USB Hub 7-Port,Electronics,South,Sneha Pillai,12,1318.9,0.0,15826.8,10061.62,5765.18
ORD-80517,2023-01-15,Monitor 27inch,Electronics,North,Karthik Raj,15,22711.9,0.0,340678.5,171106.59,169571.91
ORD-35347,2023-01-15,Office Chair Ergo,Furniture,North,Meera Iyer,19,11753.71,0.0,223320.49,106207.76,117112.73
ORD-26350,2023-01-15,Monitor 27inch,Electronics,East,Arjun Kumar,10,26966.55,0.1,242698.95,158910.26,83788.69
ORD-62098,2023-01-16,Office Chair Ergo,Furniture,West,Rahul Nair,3,11286.43,0.0,33859.29,18102.54,15756.75
ORD-50919,2023-01-16,USB Hub 7-Port,Electronics,South,Priya Sharma,19,1354.83,0.0,25741.77,16934.68,8807.09
ORD-34941,2023-01-16,USB Hub 7-Port,Electronics,West,Vikram Das,4,1270.41,0.15,4319.39,2896.46,1422.93
ORD-55327,2023-01-17,Wireless Headphones,Electronics,West,Priya Sharma,14,4308.13,0.0,60313.82,31923.95,28389.87
ORD-37745,2023-01-17,Laptop Pro X1,Electronics,East,Arjun Kumar,11,112572.25,0.0,1238294.75,682767.2,555527.55
ORD-88335,2023-01-18,Pen Set Premium,Stationery,East,Karthik Raj,12,184.75,0.05,2106.15,1416.24,689.91
ORD-90293,2023-01-18,Monitor 27inch,Electronics,North,Sneha Pillai,15,20335.59,0.05,289782.16,159392.16,130390.0
ORD-68854,2023-01-18,Pen Set Premium,Stationery,West,Meera Iyer,20,220.38,0.0,4407.6,2047.53,2360.07
ORD-26270,2023-01-18,Standing Desk,Furniture,North,Priya Sharma,4,21228.53,0.2,67931.3,33604.44,34326.86
ORD-90997,2023-01-19,Notebook Pack,Stationery,North,Karthik Raj,6,218.03,0.0,1308.18,846.78,461.4
ORD-26143,2023-01-20,Standing Desk,Furniture,South,Rahul Nair,7,26808.92,0.1,168896.2,97310.96,71585.24
ORD-71249,2023-01-20,USB Hub 7-Port,Electronics,South,Meera Iyer,7,1262.56,0.2,7070.34,4493.57,2576.77
ORD-98413,2023-01-20,Laptop Pro X1,Electronics,South,Sneha Pillai,14,90267.32,0.2,1010993.98,511282.4,499711.58
ORD-19443,2023-01-22,Mechanical Keyboard,Electronics,South,Rahul Nair,13,5062.1,0.0,65807.3,30755.93,35051.37
ORD-87025,2023-01-22,Office Chair Ergo,Furniture,East,Divya Menon,16,10406.93,0.0,166510.88,96061.62,70449.26
ORD-61257,2023-01-23,USB Hub 7-Port,Electronics,West,Sneha Pillai,14,1274.53,0.0,17843.42,11409.59,6433.83
ORD-44206,2023-01-23,Office Chair Ergo,Furniture,East,Priya Sharma,14,14756.12,0.2,165268.54,82289.01,82979.53
ORD-34928,2023-01-23,Office Chair Ergo,Furniture,East,Rahul Nair,10,8318.12,0.1,74863.08,34826.18,40036.9
ORD-32965,2023-01-24,Desk Lamp LED,Furniture,West,Divya Menon,6,1795.1,0.15,9155.01,6121.61,3033.4
ORD-58535,2023-01-24,Monitor 27inch,Electronics,South,Rahul Nair,19,24254.95,0.15,391717.44,185181.13,206536.31
ORD-12815,2023-01-24,Mechanical Keyboard,Electronics,West,Rahul Nair,16,4040.1,0.05,61409.52,38959.88,22449.64
ORD-30691,2023-01-24,Standing Desk,Furniture,East,Karthik Raj,13,26439.28,0.0,343710.64,229636.73,114073.91
ORD-27388,2023-01-24,Notebook Pack,Stationery,East,Priya Sharma,7,259.53,0.05,1725.87,876.79,849.08
ORD-77237,2023-01-24,Wireless Headphones,Electronics,West,Vikram Das,10,3527.98,0.0,35279.8,23488.27,11791.53
ORD-19350,2023-01-25,Laptop Pro X1,Electronics,North,Karthik Raj,4,92248.06,0.2,295193.79,190109.81,105083.98
ORD-38177,2023-01-25,Monitor 27inch,Electronics,West,Vikram Das,11,23580.68,0.15,220479.36,110209.48,110269.88
ORD-83821,2023-01-25,Mechanical Keyboard,Electronics,South,Divya Menon,15,5431.06,0.15,69246.01,31924.54,37321.47
ORD-11617,2023-01-27,Wireless Headphones,Electronics,East,Priya Sharma,20,3995.11,0.0,79902.2,53209.24,26692.96
ORD-91465,2023-01-27,Desk Lamp LED,Furniture,East,Karthik Raj,19,1481.51,0.0,28148.69,15066.19,13082.5
ORD-20417,2023-01-27,Desk Lamp LED,Furniture,East,Divya Menon,20,1501.84,0.15,25531.28,11655.57,13875.71
ORD-16094,2023-01-27,Monitor 27inch,Electronics,North,Meera Iyer,2,25349.51,0.0,50699.02,34393.92,16305.1
ORD-20324,2023-01-27,Notebook Pack,Stationery,North,Rahul Nair,1,385.43,0.1,346.89,235.94,110.95
ORD-86787,2023-01-28,Laptop Pro X1,Electronics,North,Priya Sharma,11,90772.34,0.15,848721.38,553360.43,295360.95
ORD-50516,2023-01-29,Standing Desk,Furniture,East,Rahul Nair,18,19277.57,0.0,346996.26,207947.12,139049.14
ORD-36626,2023-01-29,Desk Lamp LED,Furniture,North,Divya Menon,1,1834.88,0.2,1467.9,670.01,797.89
ORD-14850,2023-01-29,Standing Desk,Furniture,East,Meera Iyer,16,24717.9,0.05,375712.08,208709.86,167002.22
ORD-77740,2023-01-29,Standing Desk,Furniture,East,Rahul Nair,19,18144.8,0.0,344751.2,217291.46,127459.74
ORD-45705,2023-01-30,Laptop Pro X1,Electronics,East,Sneha Pillai,16,101351.77,0.2,1297302.66,759111.51,538191.15
ORD-10760,2023-01-30,Wireless Headphones,Electronics,West,Meera Iyer,15,4070.89,0.0,61063.35,36549.53,24513.82
ORD-60072,2023-01-30,Notebook Pack,Stationery,North,Sneha Pillai,15,432.74,0.0,6491.1,3645.86,2845.24
ORD-63578,2023-01-30,Desk Lamp LED,Furniture,South,Rahul Nair,20,2005.9,0.0,40118.0,24066.47,16051.53
ORD-21507,2023-01-31,USB Hub 7-Port,Electronics,East,Divya Menon,5,1039.25,0.05,4936.44,3032.12,1904.32
ORD-66904,2023-01-31,USB Hub 7-Port,Electronics,South,Vikram Das,19,1334.17,0.1,22814.31,14125.22,8689.09
ORD-92251,2023-01-31,Monitor 27inch,Electronics,West,Karthik Raj,17,18638.72,0.15,269329.5,186850.75,82478.75
ORD-52517,2023-02-01,Wireless Headphones,Electronics,South,Vikram Das,14,3634.11,0.0,50877.54,27601.74,23275.8
ORD-82264,2023-02-01,Standing Desk,Furniture,East,Meera Iyer,20,23353.24,0.2,373651.84,212475.46,161176.38
ORD-11105,2023-02-01,Pen Set Premium,Stationery,North,Sneha Pillai,13,356.87,0.0,4639.31,2536.25,2103.06
ORD-80736,2023-02-01,Desk Lamp LED,Furniture,West,Divya Menon,2,1917.07,0.1,3450.73,2324.05,1126.68
ORD-65097,2023-02-02,Mechanical Keyboard,Electronics,West,Rahul Nair,5,5297.48,0.15,22514.29,13766.82,8747.47
ORD-69545,2023-02-02,Desk Lamp LED,Furniture,South,Rahul Nair,1,1715.31,0.05,1629.54,1010.28,619.26
ORD-32463,2023-02-02,Wireless Headphones,Electronics,West,Vikram Das,13,3881.75,0.0,50462.75,30741.25,19721.5
ORD-40544,2023-02-02,Desk Lamp LED,Furniture,West,Arjun Kumar,6,1458.7,0.05,8314.59,4331.52,3983.07
ORD-91927,2023-02-03,Standing Desk,Furniture,East,Karthik Raj,15,18854.16,0.0,282812.4,192588.95,90223.45
ORD-41056,2023-02-03,Pen Set Premium,Stationery,East,Sneha Pillai,3,259.77,0.0,779.31,501.8,277.51
ORD-64125,2023-02-03,Monitor 27inch,Electronics,North,Rahul Nair,20,27339.42,0.0,546788.4,360554.21,186234.19
ORD-49514,2023-02-04,Notebook Pack,Stationery,East,Priya Sharma,5,218.6,0.2,874.4,490.08,384.32
ORD-94919,2023-02-04,Monitor 27inch,Electronics,North,Sneha Pillai,1,19587.5,0.05,18608.12,9930.75,8677.37
ORD-33021,2023-02-04,Desk Lamp LED,Furniture,East,Rahul Nair,3,2382.52,0.0,7147.56,4552.07,2595.49
ORD-88562,2023-02-04,Laptop Pro X1,Electronics,North,Arjun Kumar,20,107981.19,0.2,1727699.04,871116.53,856582.51
ORD-26827,2023-02-05,Monitor 27inch,Electronics,East,Meera Iyer,7,24137.17,0.0,168960.19,76466.9,92493.29
ORD-22903,2023-02-06,Desk Lamp LED,Furniture,North,Divya Menon,10,2496.65,0.15,21221.52,10029.18,11192.34
ORD-53451,2023-02-06,Wireless Headphones,Electronics,North,Priya Sharma,1,2521.67,0.2,2017.34,1346.3,671.04
ORD-16765,2023-02-06,Desk Lamp LED,Furniture,East,Karthik Raj,2,2018.09,0.1,3632.56,1788.2,1844.36
ORD-40147,2023-02-06,Laptop Pro X1,Electronics,North,Vikram Das,16,86479.98,0.0,1383679.68,726939.1,656740.58
ORD-21016,2023-02-06,Desk Lamp LED,Furniture,North,Sneha Pillai,2,1890.65,0.05,3592.24,1839.79,1752.45
ORD-49888,2023-02-07,Office Chair Ergo,Furniture,North,Karthik Raj,14,10814.02,0.15,128686.84,80454.7,48232.14
ORD-77449,2023-02-07,Pen Set Premium,Stationery,North,Sneha Pillai,9,230.82,0.2,1661.9,915.78,746.12
ORD-74058,2023-02-07,Monitor 27inch,Electronics,West,Arjun Kumar,9,24903.97,0.2,179308.58,105900.07,73408.51
ORD-39837,2023-02-08,Wireless Headphones,Electronics,North,Arjun Kumar,6,4485.54,0.1,24221.92,11326.42,12895.5
ORD-74738,2023-02-08,Laptop Pro X1,Electronics,East,Priya Sharma,11,94959.66,0.15,887872.82,520138.2,367734.62
ORD-56538,2023-02-08,Mechanical Keyboard,Electronics,North,Karthik Raj,8,3613.92,0.0,28911.36,14520.28,14391.08
ORD-99694,2023-02-10,Standing Desk,Furniture,East,Sneha Pillai,16,22720.8,0.0,363532.8,165259.49,198273.31
ORD-81253,2023-02-10,Pen Set Premium,Stationery,West,Karthik Raj,18,324.26,0.0,5836.68,3453.42,2383.26
ORD-85392,2023-02-10,Notebook Pack,Stationery,East,Karthik Raj,1,227.4,0.15,193.29,127.38,65.91
ORD-44406,2023-02-10,Monitor 27inch,Electronics,West,Meera Iyer,14,25874.24,0.0,362239.36,176227.98,186011.38
ORD-73195,2023-02-10,Mechanical Keyboard,Electronics,East,Vikram Das,4,5060.42,0.2,16193.34,7598.0,8595.34
ORD-75099,2023-02-10,Notebook Pack,Stationery,North,Priya Sharma,3,475.44,0.1,1283.69,822.0,461.69
ORD-57498,2023-02-10,Office Chair Ergo,Furniture,West,Meera Iyer,13,11338.16,0.2,117916.86,53650.82,64266.04
ORD-96540,2023-02-11,Standing Desk,Furniture,East,Priya Sharma,2,23860.4,0.0,47720.8,26608.2,21112.6
ORD-48091,2023-02-11,Notebook Pack,Stationery,East,Vikram Das,6,306.4,0.2,1470.72,799.21,671.51
ORD-65057,2023-02-12,Monitor 27inch,Electronics,West,Sneha Pillai,3,23059.61,0.0,69178.83,31349.29,37829.54
ORD-49021,2023-02-12,Pen Set Premium,Stationery,South,Vikram Das,4,334.0,0.15,1135.6,724.33,411.27
ORD-47328,2023-02-12,Standing Desk,Furniture,West,Karthik Raj,19,28555.0,0.0,542545.0,257636.52,284908.48
ORD-69050,2023-02-12,Pen Set Premium,Stationery,South,Sneha Pillai,20,268.91,0.0,5378.2,3707.9,1670.3
ORD-62853,2023-02-13,Monitor 27inch,Electronics,West,Meera Iyer,15,21243.68,0.2,254924.16,168663.03,86261.13
ORD-35122,2023-02-13,Office Chair Ergo,Furniture,West,Divya Menon,12,10379.52,0.15,105871.1,52590.29,53280.81
ORD-63188,2023-02-13,Pen Set Premium,Stationery,West,Divya Menon,13,181.26,0.15,2002.92,1078.04,924.88
ORD-19287,2023-02-14,Wireless Headphones,Electronics,North,Rahul Nair,6,4463.73,0.05,25443.26,14724.67,10718.59
ORD-29936,2023-02-14,Monitor 27inch,Electronics,West,Vikram Das,13,27884.14,0.2,289995.06,190000.96,99994.1
ORD-11231,2023-02-14,Office Chair Ergo,Furniture,South,Priya Sharma,9,8998.45,0.15,68838.14,41296.64,27541.5
ORD-29876,2023-02-15,Mechanical Keyboard,Electronics,North,Rahul Nair,7,4255.13,0.0,29785.91,16513.23,13272.68
ORD-54759,2023-02-15,Desk Lamp LED,Furniture,North,Arjun Kumar,9,2351.53,0.05,20105.58,10783.39,9322.19
ORD-92076,2023-02-15,Office Chair Ergo,Furniture,South,Divya Menon,20,12679.73,0.05,240914.87,149391.05,91523.82
ORD-38358,2023-02-15,Pen Set Premium,Stationery,East,Rahul Nair,1,381.56,0.05,362.48,237.16,125.32
ORD-27675,2023-02-15,Monitor 27inch,Electronics,East,Rahul Nair,15,27808.19,0.05,396266.71,240903.99,155362.72
ORD-77568,2023-02-16,Laptop Pro X1,Electronics,South,Sneha Pillai,16,103176.64,0.0,1650826.24,993079.5,657746.74
ORD-71875,2023-02-16,Notebook Pack,Stationery,East,Priya Sharma,18,498.24,0.0,8968.32,6246.74,2721.58
ORD-22308,2023-02-16,Laptop Pro X1,Electronics,East,Divya Menon,17,102610.13,0.2,1395497.77,679113.04,716384.73
ORD-51599,2023-02-16,Pen Set Premium,Stationery,North,Sneha Pillai,14,195.13,0.0,2731.82,1816.42,915.4
ORD-93320,2023-02-16,Standing Desk,Furniture,East,Priya Sharma,8,28397.8,0.05,215823.28,112118.77,103704.51
ORD-95439,2023-02-17,Wireless Headphones,Electronics,West,Rahul Nair,7,3191.37,0.0,22339.59,13261.76,9077.83
ORD-95944,2023-02-17,Pen Set Premium,Stationery,East,Vikram Das,5,194.74,0.2,778.96,357.42,421.54
ORD-60678,2023-02-18,Monitor 27inch,Electronics,East,Priya Sharma,12,22369.51,0.05,255012.41,162143.76,92868.65
ORD-46096,2023-02-18,Office Chair Ergo,Furniture,West,Karthik Raj,17,8301.01,0.2,112893.74,53469.76,59423.98
ORD-71348,2023-02-18,Wireless Headphones,Electronics,South,Rahul Nair,14,3991.02,0.05,53080.57,28950.4,24130.17
ORD-80165,2023-02-18,Office Chair Ergo,Furniture,East,Karthik Raj,15,14693.5,0.1,198362.25,135091.22,63271.03
ORD-42943,2023-02-18,Notebook Pack,Stationery,West,Vikram Das,11,489.75,0.0,5387.25,2441.72,2945.53
ORD-47453,2023-02-19,Laptop Pro X1,Electronics,East,Meera Iyer,20,115881.88,0.15,1969991.96,1217711.43,752280.53
ORD-89499,2023-02-19,Wireless Headphones,Electronics,West,Arjun Kumar,20,4120.71,0.0,82414.2,43123.94,39290.26
ORD-69836,2023-02-19,Laptop Pro X1,Electronics,North,Meera Iyer,1,89348.3,0.2,71478.64,34988.5,36490.14
ORD-79688,2023-02-19,Office Chair Ergo,Furniture,East,Vikram Das,6,10416.21,0.15,53122.67,32907.0,20215.67
ORD-46605,2023-02-19,Pen Set Premium,Stationery,South,Rahul Nair,8,365.42,0.2,2338.69,1267.1,1071.59
ORD-85771,2023-02-20,Office Chair Ergo,Furniture,South,Arjun Kumar,12,8257.05,0.2,79267.68,36313.16,42954.52
ORD-30904,2023-02-21,Laptop Pro X1,Electronics,East,Arjun Kumar,10,100577.12,0.15,854905.52,506127.77,348777.75
ORD-23937,2023-02-21,Mechanical Keyboard,Electronics,North,Meera Iyer,20,3512.07,0.1,63217.26,29458.57,33758.69
ORD-73201,2023-02-22,Mechanical Keyboard,Electronics,East,Sneha Pillai,4,4733.76,0.0,18935.04,9253.22,9681.82
ORD-58380,2023-02-22,Standing Desk,Furniture,South,Priya Sharma,1,25783.75,0.15,21916.19,13177.98,8738.21
ORD-60666,2023-02-22,Standing Desk,Furniture,South,Priya Sharma,10,22488.43,0.0,224884.3,127345.76,97538.54
ORD-25083,2023-02-23,Standing Desk,Furniture,South,Divya Menon,16,24103.46,0.1,347089.82,189602.04,157487.78
ORD-87353,2023-02-24,Laptop Pro X1,Electronics,East,Priya Sharma,10,115298.79,0.0,1152987.9,643285.24,509702.66
ORD-83985,2023-02-24,Wireless Headphones,Electronics,East,Meera Iyer,1,4014.21,0.0,4014.21,2315.6,1698.61
ORD-53970,2023-02-25,Monitor 27inch,Electronics,West,Divya Menon,9,19084.01,0.0,171756.09,92864.29,78891.8
ORD-52026,2023-02-25,Laptop Pro X1,Electronics,South,Meera Iyer,16,115429.55,0.0,1846872.8,1178041.67,668831.13
ORD-22568,2023-02-25,Laptop Pro X1,Electronics,North,Karthik Raj,4,104197.17,0.0,416788.68,200831.93,215956.75
ORD-63714,2023-02-25,Mechanical Keyboard,Electronics,West,Divya Menon,11,4908.8,0.0,53996.8,28463.21,25533.59
ORD-64005,2023-02-26,Mechanical Keyboard,Electronics,South,Karthik Raj,13,5997.84,0.0,77971.92,41713.83,36258.09
ORD-13574,2023-02-26,USB Hub 7-Port,Electronics,South,Sneha Pillai,13,1078.48,0.1,12618.22,5957.0,6661.22
ORD-57026,2023-02-27,Standing Desk,Furniture,West,Sneha Pillai,6,20113.2,0.1,108611.28,57509.79,51101.49
ORD-40495,2023-02-27,USB Hub 7-Port,Electronics,North,Arjun Kumar,8,1135.09,0.0,9080.72,4583.5,4497.22
ORD-79951,2023-03-01,Pen Set Premium,Stationery,East,Divya Menon,6,175.03,0.15,892.65,455.51,437.14
ORD-97304,2023-03-01,Standing Desk,Furniture,North,Vikram Das,4,23440.46,0.1,84385.66,39134.45,45251.21
ORD-83646,2023-03-02,Pen Set Premium,Stationery,South,Divya Menon,1,231.8,0.2,185.44,112.22,73.22
ORD-48356,2023-03-02,Desk Lamp LED,Furniture,East,Karthik Raj,20,1900.4,0.0,38008.0,26406.06,11601.94
ORD-51515,2023-03-03,Laptop Pro X1,Electronics,East,Rahul Nair,18,112701.32,0.0,2028623.76,1160293.11,868330.65
ORD-80471,2023-03-03,Notebook Pack,Stationery,East,Vikram Das,14,410.54,0.0,5747.56,3506.78,2240.78
ORD-40821,2023-03-03,Monitor 27inch,Electronics,North,Priya Sharma,11,25060.24,0.1,248096.38,129588.3,118508.08
ORD-46612,2023-03-04,Laptop Pro X1,Electronics,West,Karthik Raj,7,99469.15,0.0,696284.05,337819.24,358464.81
ORD-17455,2023-03-04,Monitor 27inch,Electronics,North,Arjun Kumar,19,22767.89,0.2,346071.93,201684.33,144387.6
ORD-32599,2023-03-04,Desk Lamp LED,Furniture,South,Karthik Raj,12,2002.82,0.2,19227.07,9409.16,9817.91
ORD-19225,2023-03-04,Monitor 27inch,Electronics,West,Sneha Pillai,2,26236.43,0.0,52472.86,30552.6,21920.26
ORD-85456,2023-03-05,Standing Desk,Furniture,West,Vikram Das,19,29352.74,0.0,557702.06,370416.23,187285.83
ORD-21015,2023-03-05,Standing Desk,Furniture,South,Divya Menon,13,22466.88,0.15,248259.02,169906.92,78352.1
ORD-51365,2023-03-06,Pen Set Premium,Stationery,North,Karthik Raj,7,160.95,0.0,1126.65,756.49,370.16
ORD-39215,2023-03-06,Pen Set Premium,Stationery,West,Meera Iyer,20,292.97,0.0,5859.4,3859.59,1999.81
ORD-67741,2023-03-07,Standing Desk,Furniture,South,Divya Menon,11,25896.15,0.05,270614.77,123488.94,147125.83
ORD-40938,2023-03-07,Notebook Pack,Stationery,East,Priya Sharma,13,482.95,0.15,5336.6,3525.83,1810.77
ORD-10697,2023-03-07,USB Hub 7-Port,Electronics,North,Divya Menon,4,926.46,0.1,3335.26,2080.55,1254.71
ORD-65666,2023-03-08,Monitor 27inch,Electronics,South,Sneha Pillai,7,23949.61,0.05,159264.91,76557.14,82707.77
ORD-99694,2023-03-08,Notebook Pack,Stationery,North,Rahul Nair,11,311.11,0.0,3422.21,2311.29,1110.92
ORD-31753,2023-03-09,Office Chair Ergo,Furniture,East,Arjun Kumar,11,14885.33,0.15,139177.84,81219.77,57958.07
ORD-89679,2023-03-09,Notebook Pack,Stationery,East,Divya Menon,17,265.24,0.1,4058.17,2108.27,1949.9
ORD-60465,2023-03-10,Wireless Headphones,Electronics,West,Karthik Raj,5,2726.12,0.0,13630.6,6753.53,6877.07
ORD-28025,2023-03-10,Wireless Headphones,Electronics,North,Karthik Raj,12,3686.56,0.1,39814.85,27066.88,12747.97
ORD-61775,2023-03-10,Notebook Pack,Stationery,South,Arjun Kumar,10,338.23,0.2,2705.84,1549.06,1156.78
ORD-88323,2023-03-10,Mechanical Keyboard,Electronics,West,Priya Sharma,14,5834.62,0.15,69431.98,38239.68,31192.3
ORD-51771,2023-03-11,USB Hub 7-Port,Electronics,North,Rahul Nair,11,1387.67,0.0,15264.37,9643.57,5620.8
ORD-80402,2023-03-11,Wireless Headphones,Electronics,North,Divya Menon,7,4910.66,0.0,34374.62,23217.14,11157.48
ORD-57474,2023-03-11,Monitor 27inch,Electronics,East,Meera Iyer,7,19841.4,0.05,131945.31,66885.79,65059.52
ORD-23277,2023-03-11,Monitor 27inch,Electronics,East,Divya Menon,10,27219.85,0.0,272198.5,123241.69,148956.81
ORD-88116,2023-03-12,USB Hub 7-Port,Electronics,South,Divya Menon,8,1029.99,0.0,8239.92,5332.55,2907.37
ORD-90173,2023-03-12,Standing Desk,Furniture,East,Karthik Raj,6,23258.21,0.1,125594.33,78607.6,46986.73
ORD-36302,2023-03-12,Pen Set Premium,Stationery,East,Karthik Raj,11,171.6,0.05,1793.22,810.52,982.7
ORD-84199,2023-03-12,Monitor 27inch,Electronics,South,Meera Iyer,15,23997.62,0.0,359964.3,238657.11,121307.19
ORD-30314,2023-03-13,Pen Set Premium,Stationery,West,Arjun Kumar,17,254.09,0.2,3455.62,1897.13,1558.49
ORD-99753,2023-03-13,Standing Desk,Furniture,East,Rahul Nair,5,24565.48,0.0,122827.4,57013.81,65813.59
ORD-38522,2023-03-13,Desk Lamp LED,Furniture,North,Vikram Das,11,1842.58,0.15,17228.12,8017.46,9210.66
ORD-61546,2023-03-13,Wireless Headphones,Electronics,East,Sneha Pillai,13,4954.86,0.0,64413.18,35975.92,28437.26
ORD-33506,2023-03-14,Desk Lamp LED,Furniture,North,Vikram Das,6,2152.32,0.0,12913.92,8974.47,3939.45
ORD-43619,2023-03-14,Wireless Headphones,Electronics,North,Rahul Nair,16,2666.25,0.1,38394.0,20419.64,17974.36
ORD-93886,2023-03-15,Desk Lamp LED,Furniture,South,Divya Menon,6,1800.94,0.0,10805.64,7535.65,3269.99
ORD-27157,2023-03-15,USB Hub 7-Port,Electronics,East,Karthik Raj,7,1290.78,0.1,8131.91,4459.89,3672.02
ORD-67560,2023-03-15,Laptop Pro X1,Electronics,South,Karthik Raj,20,111213.52,0.1,2001843.36,1361850.3,639993.06
ORD-42847,2023-03-16,Pen Set Premium,Stationery,West,Sneha Pillai,13,363.94,0.05,4494.66,2065.04,2429.62
ORD-55745,2023-03-16,Laptop Pro X1,Electronics,West,Priya Sharma,3,103817.2,0.1,280306.44,144722.24,135584.2
ORD-48455,2023-03-16,Office Chair Ergo,Furniture,West,Vikram Das,12,8892.17,0.15,90700.13,53443.71,37256.42
ORD-87250,2023-03-16,Standing Desk,Furniture,West,Priya Sharma,15,19000.63,0.0,285009.45,135370.65,149638.8
ORD-35676,2023-03-16,Monitor 27inch,Electronics,North,Meera Iyer,14,25736.54,0.2,288249.25,175078.07,113171.18
ORD-21535,2023-03-17,Monitor 27inch,Electronics,West,Rahul Nair,5,23898.08,0.1,107541.36,53770.53,53770.83
ORD-49258,2023-03-17,Desk Lamp LED,Furniture,East,Karthik Raj,4,1985.71,0.05,7545.7,4117.26,3428.44
ORD-11635,2023-03-17,Pen Set Premium,Stationery,South,Arjun Kumar,5,241.31,0.0,1206.55,616.86,589.69
ORD-19884,2023-03-18,Office Chair Ergo,Furniture,East,Priya Sharma,5,12003.36,0.0,60016.8,38693.98,21322.82
ORD-13427,2023-03-18,USB Hub 7-Port,Electronics,East,Priya Sharma,16,1015.87,0.0,16253.92,8967.58,7286.34
ORD-84177,2023-03-19,Desk Lamp LED,Furniture,South,Priya Sharma,10,2305.38,0.1,20748.42,13515.15,7233.27
ORD-43211,2023-03-20,Laptop Pro X1,Electronics,North,Vikram Das,14,88306.95,0.15,1050852.71,662118.65,388734.06
ORD-33567,2023-03-20,Standing Desk,Furniture,West,Vikram Das,11,25602.62,0.05,267547.38,174477.62,93069.76
ORD-80852,2023-03-20,Mechanical Keyboard,Electronics,South,Divya Menon,19,5503.95,0.05,99346.3,61521.06,37825.24
ORD-30618,2023-03-20,Pen Set Premium,Stationery,West,Sneha Pillai,2,274.9,0.1,494.82,243.31,251.51
ORD-76512,2023-03-20,Office Chair Ergo,Furniture,East,Divya Menon,18,12052.71,0.0,216948.78,150834.24,66114.54
ORD-77195,2023-03-21,USB Hub 7-Port,Electronics,East,Arjun Kumar,11,1174.52,0.0,12919.72,7328.29,5591.43
ORD-58674,2023-03-21,USB Hub 7-Port,Electronics,West,Priya Sharma,17,854.22,0.0,14521.74,7717.54,6804.2
ORD-22499,2023-03-21,Monitor 27inch,Electronics,West,Rahul Nair,16,26257.05,0.15,357095.88,223439.17,133656.71
ORD-77302,2023-03-21,Laptop Pro X1,Electronics,West,Vikram Das,2,91872.28,0.0,183744.56,119114.95,64629.61
ORD-54510,2023-03-21,Standing Desk,Furniture,South,Meera Iyer,7,18530.98,0.0,129716.86,72492.29,57224.57
ORD-75191,2023-03-22,Pen Set Premium,Stationery,West,Meera Iyer,3,364.15,0.05,1037.83,549.03,488.8
ORD-16741,2023-03-22,Wireless Headphones,Electronics,South,Vikram Das,18,4332.61,0.2,62389.58,41777.3,20612.28
ORD-53374,2023-03-22,Office Chair Ergo,Furniture,East,Priya Sharma,4,11490.99,0.0,45963.96,27595.49,18368.47
ORD-54222,2023-03-22,Notebook Pack,Stationery,East,Meera Iyer,5,460.48,0.15,1957.04,1275.85,681.19
ORD-19626,2023-03-23,Laptop Pro X1,Electronics,North,Rahul Nair,4,119937.9,0.0,479751.6,233798.17,245953.43
ORD-50880,2023-03-23,USB Hub 7-Port,Electronics,East,Karthik Raj,4,1426.73,0.2,4565.54,3116.88,1448.66
ORD-66810,2023-03-23,Monitor 27inch,Electronics,West,Vikram Das,6,22707.13,0.05,129430.64,74593.87,54836.77
ORD-10060,2023-03-23,Pen Set Premium,Stationery,North,Divya Menon,6,319.51,0.0,1917.06,1151.64,765.42
ORD-11511,2023-03-24,Monitor 27inch,Electronics,West,Rahul Nair,9,27927.52,0.0,251347.68,114989.06,136358.62
ORD-17503,2023-03-25,Wireless Headphones,Electronics,South,Meera Iyer,4,3597.45,0.1,12950.82,7924.44,5026.38
ORD-66645,2023-03-25,Standing Desk,Furniture,South,Meera Iyer,3,27299.59,0.0,81898.77,45773.7,36125.07
ORD-53152,2023-03-25,Desk Lamp LED,Furniture,North,Divya Menon,14,2445.11,0.0,34231.54,17089.04,17142.5
ORD-28764,2023-03-25,Monitor 27inch,Electronics,West,Meera Iyer,4,25342.78,0.0,101371.12,61004.48,40366.64
ORD-68190,2023-03-26,Monitor 27inch,Electronics,West,Priya Sharma,13,20836.11,0.1,243782.49,154568.73,89213.76
ORD-99837,2023-03-26,Wireless Headphones,Electronics,South,Arjun Kumar,3,3026.95,0.15,7718.72,4966.19,2752.53
ORD-27088,2023-03-26,Pen Set Premium,Stationery,North,Vikram Das,9,171.27,0.1,1387.29,774.97,612.32
ORD-24095,2023-03-26,Laptop Pro X1,Electronics,North,Divya Menon,6,116396.96,0.2,558705.41,390183.25,168522.16
ORD-15577,2023-03-26,Pen Set Premium,Stationery,West,Sneha Pillai,19,394.33,0.0,7492.27,5047.53,2444.74
ORD-42088,2023-03-27,Notebook Pack,Stationery,West,Karthik Raj,2,386.18,0.15,656.51,304.79,351.72
ORD-73106,2023-03-28,Laptop Pro X1,Electronics,East,Priya Sharma,11,105801.89,0.2,931056.63,486611.38,444445.25
ORD-73595,2023-03-29,Notebook Pack,Stationery,North,Karthik Raj,3,302.65,0.1,817.15,415.68,401.47
ORD-29593,2023-03-29,Monitor 27inch,Electronics,North,Rahul Nair,5,24240.31,0.15,103021.32,56497.3,46524.02
ORD-35450,2023-03-30,Wireless Headphones,Electronics,South,Rahul Nair,11,2900.85,0.2,25527.48,15887.86,9639.62
ORD-13761,2023-03-30,Mechanical Keyboard,Electronics,West,Divya Menon,15,4709.55,0.15,60046.76,32710.31,27336.45
ORD-51222,2023-03-30,Wireless Headphones,Electronics,South,Priya Sharma,19,4325.02,0.0,82175.38,56767.75,25407.63
ORD-66113,2023-03-30,Notebook Pack,Stationery,West,Divya Menon,19,342.05,0.05,6174.0,3209.2,2964.8
ORD-13478,2023-03-31,Desk Lamp LED,Furniture,West,Arjun Kumar,1,1321.8,0.0,1321.8,761.8,560.0
ORD-93584,2023-03-31,Monitor 27inch,Electronics,East,Priya Sharma,18,23421.71,0.0,421590.78,279447.45,142143.33
ORD-17346,2023-03-31,USB Hub 7-Port,Electronics,West,Divya Menon,16,1022.43,0.1,14722.99,8508.25,6214.74
ORD-29565,2023-04-01,Monitor 27inch,Electronics,East,Rahul Nair,13,21777.21,0.0,283103.73,144085.77,139017.96
ORD-17667,2023-04-02,Office Chair Ergo,Furniture,East,Vikram Das,6,8412.4,0.0,50474.4,25003.22,25471.18
ORD-32091,2023-04-02,Notebook Pack,Stationery,East,Sneha Pillai,8,280.74,0.0,2245.92,1279.35,966.57
ORD-69468,2023-04-02,Monitor 27inch,Electronics,South,Priya Sharma,1,25185.83,0.05,23926.54,15392.9,8533.64
ORD-57571,2023-04-03,Monitor 27inch,Electronics,East,Divya Menon,5,27579.57,0.0,137897.85,91035.97,46861.88
ORD-41600,2023-04-03,Wireless Headphones,Electronics,West,Meera Iyer,4,3860.94,0.1,13899.38,9644.75,4254.63
ORD-33149,2023-04-03,Monitor 27inch,Electronics,East,Priya Sharma,15,25604.53,0.0,384067.95,235029.67,149038.28
ORD-36896,2023-04-04,Standing Desk,Furniture,North,Arjun Kumar,11,20922.83,0.0,230151.13,148848.98,81302.15
ORD-51996,2023-04-04,Wireless Headphones,Electronics,North,Vikram Das,8,3025.55,0.15,20573.74,9666.63,10907.11
ORD-86765,2023-04-04,Standing Desk,Furniture,North,Rahul Nair,17,21633.13,0.0,367763.21,186417.91,181345.3
ORD-48424,2023-04-05,Desk Lamp LED,Furniture,North,Karthik Raj,3,1882.83,0.0,5648.49,3181.65,2466.84
ORD-15616,2023-04-05,Mechanical Keyboard,Electronics,North,Karthik Raj,5,4559.04,0.05,21655.44,14837.59,6817.85
ORD-71509,2023-04-05,Wireless Headphones,Electronics,South,Priya Sharma,15,3449.63,0.0,51744.45,26407.5,25336.95
ORD-40965,2023-04-05,Desk Lamp LED,Furniture,North,Rahul Nair,10,1912.32,0.05,18167.04,12239.69,5927.35
ORD-56974,2023-04-06,Office Chair Ergo,Furniture,North,Rahul Nair,7,8842.51,0.05,58802.69,37349.15,21453.54
ORD-72277,2023-04-06,Standing Desk,Furniture,East,Divya Menon,7,19768.25,0.0,138377.75,70740.18,67637.57
ORD-66911,2023-04-06,Monitor 27inch,Electronics,West,Arjun Kumar,14,27424.42,0.0,383941.88,231067.51,152874.37
ORD-51676,2023-04-08,Desk Lamp LED,Furniture,East,Vikram Das,5,1631.66,0.15,6934.56,4441.09,2493.47
ORD-16955,2023-04-08,Desk Lamp LED,Furniture,East,Divya Menon,15,2201.43,0.15,28068.23,14091.01,13977.22
ORD-73618,2023-04-09,USB Hub 7-Port,Electronics,North,Arjun Kumar,5,925.05,0.0,4625.25,2315.03,2310.22
ORD-60321,2023-04-09,Desk Lamp LED,Furniture,West,Divya Menon,20,2223.72,0.1,40026.96,18118.27,21908.69
ORD-73691,2023-04-10,Standing Desk,Furniture,North,Vikram Das,20,24240.89,0.2,387854.24,200310.79,187543.45
ORD-10436,2023-04-10,Mechanical Keyboard,Electronics,East,Priya Sharma,3,5948.44,0.2,14276.26,6857.75,7418.51
ORD-19974,2023-04-10,Laptop Pro X1,Electronics,East,Divya Menon,7,118982.91,0.15,707948.31,473696.12,234252.19
ORD-89142,2023-04-11,Desk Lamp LED,Furniture,North,Priya Sharma,8,1668.91,0.15,11348.59,7119.27,4229.32
ORD-50180,2023-04-11,Notebook Pack,Stationery,South,Vikram Das,4,434.82,0.0,1739.28,859.09,880.19
ORD-64627,2023-04-11,Standing Desk,Furniture,South,Karthik Raj,15,27288.37,0.0,409325.55,211766.62,197558.93
ORD-84861,2023-04-12,Pen Set Premium,Stationery,South,Divya Menon,11,168.24,0.0,1850.64,1061.93,788.71
ORD-40947,2023-04-12,Pen Set Premium,Stationery,West,Karthik Raj,2,322.57,0.0,645.14,361.82,283.32
ORD-11469,2023-04-13,Office Chair Ergo,Furniture,East,Priya Sharma,18,13190.13,0.0,237422.34,111445.17,125977.17
ORD-59948,2023-04-13,Pen Set Premium,Stationery,North,Karthik Raj,14,202.97,0.2,2273.26,1281.34,991.92
ORD-95824,2023-04-13,Wireless Headphones,Electronics,North,Karthik Raj,18,4700.34,0.05,80375.81,41476.66,38899.15
ORD-73765,2023-04-13,Mechanical Keyboard,Electronics,East,Meera Iyer,16,5204.45,0.1,74944.08,38546.35,36397.73
ORD-36502,2023-04-13,Office Chair Ergo,Furniture,South,Rahul Nair,18,14595.34,0.1,236444.51,131464.08,104980.43
ORD-67541,2023-04-13,Office Chair Ergo,Furniture,East,Karthik Raj,6,11267.89,0.0,67607.34,43134.25,24473.09
ORD-31068,2023-04-13,Standing Desk,Furniture,West,Sneha Pillai,18,25368.3,0.15,388134.99,243243.22,144891.77
ORD-97680,2023-04-14,Notebook Pack,Stationery,South,Karthik Raj,16,309.07,0.0,4945.12,2363.18,2581.94
ORD-27600,2023-04-14,Laptop Pro X1,Electronics,East,Karthik Raj,18,97930.71,0.0,1762752.78,842168.71,920584.07
ORD-23538,2023-04-15,Office Chair Ergo,Furniture,North,Rahul Nair,14,11141.91,0.1,140388.07,81159.78,59228.29
ORD-90725,2023-04-15,Office Chair Ergo,Furniture,West,Sneha Pillai,19,13403.85,0.1,229205.83,137797.12,91408.71
ORD-72111,2023-04-15,Office Chair Ergo,Furniture,West,Vikram Das,6,14481.9,0.0,86891.4,46825.42,40065.98
ORD-78690,2023-04-16,Monitor 27inch,Electronics,North,Rahul Nair,2,20477.44,0.05,38907.14,27147.32,11759.82
ORD-65182,2023-04-16,Laptop Pro X1,Electronics,North,Divya Menon,19,89409.36,0.1,1528900.06,785963.99,742936.07
ORD-14799,2023-04-16,USB Hub 7-Port,Electronics,West,Rahul Nair,8,1316.62,0.0,10532.96,5716.44,4816.52
ORD-43092,2023-04-16,Laptop Pro X1,Electronics,East,Meera Iyer,16,100416.41,0.0,1606662.56,1110805.38,495857.18
ORD-81399,2023-04-17,Wireless Headphones,Electronics,North,Vikram Das,4,3741.01,0.2,11971.23,7254.04,4717.19
ORD-13777,2023-04-17,Notebook Pack,Stationery,West,Meera Iyer,6,383.4,0.2,1840.32,993.13,847.19
ORD-82102,2023-04-18,Office Chair Ergo,Furniture,East,Vikram Das,16,10017.52,0.05,152266.3,99489.51,52776.79
ORD-25922,2023-04-18,Notebook Pack,Stationery,North,Vikram Das,5,427.07,0.0,2135.35,1238.47,896.88
ORD-92549,2023-04-19,Notebook Pack,Stationery,East,Divya Menon,15,266.19,0.0,3992.85,2000.34,1992.51
ORD-63707,2023-04-19,Pen Set Premium,Stationery,South,Divya Menon,9,357.87,0.0,3220.83,1737.57,1483.26
ORD-37887,2023-04-19,Monitor 27inch,Electronics,East,Rahul Nair,1,22021.39,0.0,22021.39,9975.59,12045.8
ORD-68238,2023-04-19,USB Hub 7-Port,Electronics,East,Priya Sharma,7,897.46,0.2,5025.78,2968.79,2056.99
ORD-34979,2023-04-20,Mechanical Keyboard,Electronics,South,Divya Menon,4,5790.65,0.05,22004.47,11087.99,10916.48
ORD-91379,2023-04-20,Monitor 27inch,Electronics,North,Karthik Raj,18,22609.75,0.1,366277.95,202683.74,163594.21
ORD-72180,2023-04-21,Laptop Pro X1,Electronics,North,Priya Sharma,14,100551.0,0.0,1407714.0,826075.57,581638.43
ORD-31808,2023-04-21,Notebook Pack,Stationery,West,Karthik Raj,19,320.23,0.0,6084.37,2987.47,3096.9
ORD-18423,2023-04-21,Desk Lamp LED,Furniture,West,Vikram Das,7,1937.28,0.0,13560.96,9146.51,4414.45
ORD-18450,2023-04-22,Wireless Headphones,Electronics,South,Priya Sharma,13,4420.54,0.0,57467.02,31628.71,25838.31
ORD-56961,2023-04-22,Office Chair Ergo,Furniture,North,Rahul Nair,15,11262.39,0.05,160489.06,77064.31,83424.75
ORD-90576,2023-04-22,Laptop Pro X1,Electronics,South,Vikram Das,5,106192.89,0.0,530964.45,302101.41,228863.04
ORD-92218,2023-04-22,Office Chair Ergo,Furniture,East,Priya Sharma,5,11474.3,0.2,45897.2,22997.44,22899.76
ORD-82311,2023-04-22,USB Hub 7-Port,Electronics,West,Karthik Raj,20,1088.48,0.0,21769.6,10978.29,10791.31
ORD-36013,2023-04-22,Pen Set Premium,Stationery,West,Rahul Nair,5,238.43,0.05,1132.54,511.29,621.25
ORD-69328,2023-04-23,Standing Desk,Furniture,North,Meera Iyer,6,21201.08,0.05,120846.16,74377.35,46468.81
ORD-50660,2023-04-23,Mechanical Keyboard,Electronics,East,Karthik Raj,4,3815.44,0.15,12972.5,7512.64,5459.86
ORD-16233,2023-04-23,Mechanical Keyboard,Electronics,East,Karthik Raj,12,5134.76,0.0,61617.12,32654.62,28962.5
ORD-91508,2023-04-24,Standing Desk,Furniture,East,Karthik Raj,3,22256.54,0.2,53415.7,30643.92,22771.78
ORD-74781,2023-04-24,Pen Set Premium,Stationery,North,Priya Sharma,5,220.62,0.0,1103.1,521.98,581.12
ORD-14142,2023-04-24,Standing Desk,Furniture,East,Arjun Kumar,5,22734.55,0.15,96621.84,51480.44,45141.4
ORD-87352,2023-04-25,Office Chair Ergo,Furniture,West,Vikram Das,3,9052.71,0.0,27158.13,18659.0,8499.13
ORD-31587,2023-04-25,USB Hub 7-Port,Electronics,North,Priya Sharma,19,802.83,0.1,13728.39,8458.87,5269.52
ORD-23115,2023-04-25,Pen Set Premium,Stationery,North,Arjun Kumar,13,350.85,0.05,4333.0,2991.47,1341.53
ORD-41686,2023-04-25,Standing Desk,Furniture,North,Vikram Das,6,19003.3,0.15,96916.83,63151.23,33765.6
ORD-51079,2023-04-25,Desk Lamp LED,Furniture,North,Karthik Raj,16,2349.93,0.0,37598.88,22557.65,15041.23
ORD-87373,2023-04-26,Office Chair Ergo,Furniture,South,Vikram Das,14,10264.23,0.0,143699.22,71090.83,72608.39
ORD-93473,2023-04-26,Pen Set Premium,Stationery,West,Vikram Das,18,260.1,0.2,3745.44,2250.33,1495.11
ORD-35430,2023-04-27,Monitor 27inch,Electronics,East,Vikram Das,19,24159.93,0.0,459038.67,302052.35,156986.32
ORD-97442,2023-04-27,Monitor 27inch,Electronics,West,Priya Sharma,10,24782.18,0.1,223039.62,127502.43,95537.19
ORD-45838,2023-04-27,Pen Set Premium,Stationery,North,Rahul Nair,16,383.16,0.0,6130.56,3538.67,2591.89
ORD-98918,2023-04-27,Pen Set Premium,Stationery,South,Priya Sharma,7,256.55,0.2,1436.68,946.73,489.95
ORD-64002,2023-04-27,Monitor 27inch,Electronics,West,Rahul Nair,16,26401.21,0.2,337935.49,193398.32,144537.17
ORD-13890,2023-04-28,Office Chair Ergo,Furniture,East,Meera Iyer,7,12419.34,0.2,69548.3,37554.5,31993.8
ORD-17970,2023-04-28,Laptop Pro X1,Electronics,South,Meera Iyer,19,96106.71,0.1,1643424.74,1034271.98,609152.76
ORD-41757,2023-04-28,Office Chair Ergo,Furniture,East,Meera Iyer,16,11229.5,0.0,179672.0,105486.71,74185.29
ORD-94523,2023-04-28,Standing Desk,Furniture,West,Priya Sharma,12,29611.39,0.05,337569.85,186755.01,150814.84
ORD-81319,2023-04-29,Mechanical Keyboard,Electronics,West,Meera Iyer,16,5684.63,0.0,90954.08,43001.65,47952.43
ORD-51114,2023-04-29,Mechanical Keyboard,Electronics,South,Karthik Raj,2,3325.21,0.05,6317.9,3389.06,2928.84
ORD-61211,2023-04-29,USB Hub 7-Port,Electronics,North,Divya Menon,7,903.17,0.0,6322.19,4025.09,2297.1
ORD-57823,2023-04-29,Desk Lamp LED,Furniture,West,Sneha Pillai,16,2125.63,0.2,27208.06,15882.87,11325.19
ORD-41886,2023-04-30,USB Hub 7-Port,Electronics,East,Karthik Raj,15,1476.24,0.1,19929.24,11377.75,8551.49
ORD-74325,2023-04-30,USB Hub 7-Port,Electronics,North,Sneha Pillai,8,1055.99,0.0,8447.92,5829.88,2618.04
ORD-13340,2023-04-30,Notebook Pack,Stationery,South,Priya Sharma,3,400.49,0.2,961.18,579.57,381.61
ORD-86232,2023-05-01,Office Chair Ergo,Furniture,West,Arjun Kumar,14,10601.79,0.15,126161.3,60116.17,66045.13
ORD-25566,2023-05-01,Standing Desk,Furniture,West,Meera Iyer,2,26957.96,0.1,48524.33,26316.35,22207.98
ORD-63592,2023-05-02,Monitor 27inch,Electronics,East,Priya Sharma,2,18737.53,0.0,37475.06,25763.35,11711.71
ORD-91352,2023-05-03,Wireless Headphones,Electronics,West,Arjun Kumar,18,4894.98,0.2,70487.71,40218.39,30269.32
ORD-86919,2023-05-03,Wireless Headphones,Electronics,North,Priya Sharma,16,4103.52,0.1,59090.69,29913.7,29176.99
ORD-88146,2023-05-03,Notebook Pack,Stationery,South,Arjun Kumar,2,374.32,0.15,636.34,361.96,274.38
ORD-78765,2023-05-03,USB Hub 7-Port,Electronics,South,Divya Menon,7,1317.02,0.0,9219.14,5818.63,3400.51
ORD-67156,2023-05-03,Mechanical Keyboard,Electronics,West,Priya Sharma,20,5236.7,0.1,94260.6,53739.99,40520.61
ORD-97823,2023-05-04,USB Hub 7-Port,Electronics,West,Sneha Pillai,6,817.71,0.0,4906.26,3256.99,1649.27
ORD-81554,2023-05-04,Laptop Pro X1,Electronics,South,Priya Sharma,19,91537.68,0.0,1739215.92,976614.14,762601.78
ORD-15513,2023-05-05,Desk Lamp LED,Furniture,West,Vikram Das,12,2440.99,0.2,23433.5,11403.19,12030.31
ORD-24326,2023-05-05,Mechanical Keyboard,Electronics,East,Vikram Das,17,3629.54,0.0,61702.18,37207.24,24494.94
ORD-39451,2023-05-05,Laptop Pro X1,Electronics,South,Rahul Nair,10,104279.37,0.1,938514.33,518057.73,420456.6
ORD-15322,2023-05-07,Pen Set Premium,Stationery,North,Rahul Nair,16,340.57,0.15,4631.75,2418.09,2213.66
ORD-96916,2023-05-07,Monitor 27inch,Electronics,East,Vikram Das,13,24595.2,0.15,271776.96,140988.69,130788.27
ORD-46356,2023-05-07,Desk Lamp LED,Furniture,South,Divya Menon,6,2071.78,0.0,12430.68,5875.92,6554.76
ORD-77065,2023-05-07,Wireless Headphones,Electronics,North,Meera Iyer,12,2713.27,0.15,27675.35,15111.35,12564.0
ORD-19116,2023-05-08,Notebook Pack,Stationery,North,Karthik Raj,20,465.64,0.0,9312.8,5534.95,3777.85
ORD-46848,2023-05-08,Pen Set Premium,Stationery,East,Divya Menon,15,152.34,0.15,1942.33,883.65,1058.68
ORD-88385,2023-05-08,Pen Set Premium,Stationery,East,Vikram Das,9,275.12,0.05,2352.28,1315.96,1036.32
ORD-37760,2023-05-09,Office Chair Ergo,Furniture,West,Rahul Nair,9,11693.72,0.1,94719.13,52643.42,42075.71
ORD-51542,2023-05-10,Pen Set Premium,Stationery,East,Sneha Pillai,6,201.29,0.15,1026.58,470.86,555.72
ORD-18503,2023-05-10,USB Hub 7-Port,Electronics,West,Divya Menon,3,1349.27,0.2,3238.25,1994.36,1243.89
ORD-74340,2023-05-10,Mechanical Keyboard,Electronics,North,Arjun Kumar,18,3876.41,0.0,69775.38,42525.82,27249.56
ORD-87994,2023-05-10,Laptop Pro X1,Electronics,West,Priya Sharma,14,92067.17,0.2,1031152.3,625709.97,405442.33
ORD-55563,2023-05-10,Wireless Headphones,Electronics,South,Meera Iyer,4,2800.69,0.15,9522.35,4989.03,4533.32
ORD-44571,2023-05-11,Pen Set Premium,Stationery,East,Sneha Pillai,14,220.73,0.0,3090.22,1864.12,1226.1
ORD-26531,2023-05-11,Monitor 27inch,Electronics,West,Vikram Das,5,19097.33,0.0,95486.65,61892.37,33594.28
ORD-51085,2023-05-11,Monitor 27inch,Electronics,South,Divya Menon,8,22885.88,0.05,173932.69,116993.96,56938.73
ORD-36437,2023-05-11,USB Hub 7-Port,Electronics,East,Priya Sharma,11,1409.39,0.0,15503.29,9527.42,5975.87
ORD-85220,2023-05-12,Wireless Headphones,Electronics,East,Priya Sharma,2,4855.7,0.0,9711.4,4777.98,4933.42
ORD-65652,2023-05-12,Monitor 27inch,Electronics,South,Vikram Das,11,26980.21,0.2,237425.85,146892.38,90533.47
ORD-35287,2023-05-14,Desk Lamp LED,Furniture,North,Arjun Kumar,19,2458.83,0.15,39710.1,25984.39,13725.71
ORD-87003,2023-05-14,Standing Desk,Furniture,East,Vikram Das,16,19905.37,0.1,286637.33,196285.97,90351.36
ORD-65435,2023-05-14,USB Hub 7-Port,Electronics,North,Sneha Pillai,4,1087.57,0.2,3480.22,2144.98,1335.24
ORD-33459,2023-05-14,Laptop Pro X1,Electronics,West,Arjun Kumar,4,98425.99,0.0,393703.96,219142.1,174561.86
ORD-52762,2023-05-14,Standing Desk,Furniture,East,Karthik Raj,11,29112.5,0.05,304225.62,190196.2,114029.42
ORD-32738,2023-05-14,Desk Lamp LED,Furniture,West,Sneha Pillai,15,1821.88,0.15,23228.97,11228.36,12000.61
ORD-60466,2023-05-15,Monitor 27inch,Electronics,West,Sneha Pillai,5,23793.69,0.2,95174.76,43642.99,51531.77
ORD-22776,2023-05-15,Wireless Headphones,Electronics,West,Priya Sharma,2,3608.45,0.15,6134.36,2856.04,3278.32
ORD-37334,2023-05-15,Standing Desk,Furniture,North,Divya Menon,1,23211.83,0.05,22051.24,12997.76,9053.48
ORD-26614,2023-05-15,Laptop Pro X1,Electronics,East,Divya Menon,19,96332.0,0.0,1830308.0,945064.67,885243.33
ORD-33412,2023-05-15,Notebook Pack,Stationery,North,Priya Sharma,13,265.49,0.0,3451.37,2045.58,1405.79
ORD-78835,2023-05-16,Desk Lamp LED,Furniture,North,Meera Iyer,16,1676.68,0.15,22802.85,12712.44,10090.41
ORD-97445,2023-05-16,Office Chair Ergo,Furniture,East,Priya Sharma,12,11935.96,0.1,128908.37,76398.78,52509.59
ORD-54241,2023-05-16,Laptop Pro X1,Electronics,East,Karthik Raj,3,119958.21,0.2,287899.7,168623.18,119276.52
ORD-82559,2023-05-17,Office Chair Ergo,Furniture,West,Karthik Raj,18,14024.95,0.15,214581.73,136088.73,78493.0
ORD-66599,2023-05-18,Laptop Pro X1,Electronics,North,Divya Menon,12,106949.57,0.2,1026715.87,538921.53,487794.34
ORD-82069,2023-05-18,Desk Lamp LED,Furniture,South,Sneha Pillai,9,1367.04,0.1,11073.02,6151.1,4921.92
ORD-70150,2023-05-18,USB Hub 7-Port,Electronics,West,Karthik Raj,7,1366.17,0.0,9563.19,4691.93,4871.26
ORD-60152,2023-05-18,Laptop Pro X1,Electronics,North,Arjun Kumar,3,102434.72,0.0,307304.16,212967.36,94336.8
ORD-90482,2023-05-18,Pen Set Premium,Stationery,North,Vikram Das,12,275.54,0.15,2810.51,1432.57,1377.94
ORD-78714,2023-05-19,Pen Set Premium,Stationery,South,Meera Iyer,13,313.06,0.0,4069.78,2402.36,1667.42
ORD-46170,2023-05-19,Mechanical Keyboard,Electronics,North,Karthik Raj,8,3644.47,0.0,29155.76,13278.27,15877.49
ORD-48200,2023-05-20,Mechanical Keyboard,Electronics,East,Divya Menon,16,3942.55,0.05,59926.76,41480.18,18446.58
ORD-30257,2023-05-21,USB Hub 7-Port,Electronics,East,Sneha Pillai,16,1088.4,0.0,17414.4,8282.37,9132.03
ORD-26932,2023-05-21,Mechanical Keyboard,Electronics,East,Sneha Pillai,4,3023.19,0.15,10278.85,5732.14,4546.71
ORD-37339,2023-05-21,Pen Set Premium,Stationery,North,Vikram Das,1,260.99,0.15,221.84,147.2,74.64
ORD-58804,2023-05-21,Notebook Pack,Stationery,North,Sneha Pillai,7,291.52,0.0,2040.64,1106.86,933.78
ORD-22183,2023-05-22,Office Chair Ergo,Furniture,East,Sneha Pillai,15,14685.62,0.0,220284.3,147506.53,72777.77
ORD-89954,2023-05-23,Standing Desk,Furniture,East,Arjun Kumar,8,23922.66,0.2,153105.02,105183.06,47921.96
ORD-27600,2023-05-23,Standing Desk,Furniture,West,Sneha Pillai,14,19851.21,0.2,222333.55,137294.64,85038.91
ORD-86251,2023-05-23,Mechanical Keyboard,Electronics,South,Sneha Pillai,18,4658.71,0.0,83856.78,54465.62,29391.16
ORD-85750,2023-05-23,Desk Lamp LED,Furniture,North,Rahul Nair,5,1788.87,0.0,8944.35,4896.99,4047.36
ORD-96739,2023-05-23,Monitor 27inch,Electronics,West,Rahul Nair,13,21657.1,0.05,267465.18,173275.65,94189.53
ORD-22067,2023-05-24,Notebook Pack,Stationery,West,Rahul Nair,20,241.16,0.0,4823.2,2840.22,1982.98
ORD-71833,2023-05-24,Mechanical Keyboard,Electronics,East,Vikram Das,3,5748.48,0.15,14658.62,8369.14,6289.48
ORD-81660,2023-05-24,Standing Desk,Furniture,North,Rahul Nair,20,23308.17,0.05,442855.23,279100.63,163754.6
ORD-92788,2023-05-24,USB Hub 7-Port,Electronics,South,Karthik Raj,3,1309.2,0.0,3927.6,2601.63,1325.97
ORD-99438,2023-05-24,Laptop Pro X1,Electronics,East,Vikram Das,19,104130.33,0.0,1978476.27,1058836.63,919639.64
ORD-52030,2023-05-24,USB Hub 7-Port,Electronics,East,Divya Menon,19,1023.23,0.1,17497.23,11253.07,6244.16
ORD-27781,2023-05-24,Laptop Pro X1,Electronics,North,Karthik Raj,16,89064.22,0.0,1425027.52,957354.62,467672.9
ORD-47345,2023-05-24,Standing Desk,Furniture,East,Priya Sharma,8,24640.76,0.1,177413.47,111822.81,65590.66
ORD-87820,2023-05-24,Monitor 27inch,Electronics,East,Rahul Nair,13,27906.16,0.15,308363.07,203720.21,104642.86
ORD-19742,2023-05-24,USB Hub 7-Port,Electronics,West,Rahul Nair,18,1493.23,0.0,26878.14,15615.83,11262.31
ORD-44995,2023-05-24,Pen Set Premium,Stationery,East,Divya Menon,1,215.2,0.0,215.2,120.87,94.33
ORD-30932,2023-05-25,Wireless Headphones,Electronics,North,Karthik Raj,13,4660.41,0.05,57556.06,29472.59,28083.47
ORD-47597,2023-05-26,Laptop Pro X1,Electronics,South,Arjun Kumar,8,99949.74,0.0,799597.92,430445.53,369152.39
ORD-58823,2023-05-26,Mechanical Keyboard,Electronics,North,Arjun Kumar,8,5691.86,0.1,40981.39,22673.54,18307.85
ORD-40384,2023-05-26,Notebook Pack,Stationery,East,Rahul Nair,8,322.84,0.0,2582.72,1498.31,1084.41
ORD-10659,2023-05-28,Mechanical Keyboard,Electronics,East,Arjun Kumar,18,5624.3,0.0,101237.4,48675.83,52561.57
ORD-97208,2023-05-29,Mechanical Keyboard,Electronics,South,Meera Iyer,15,3442.28,0.0,51634.2,25118.37,26515.83
ORD-36379,2023-05-29,Laptop Pro X1,Electronics,South,Arjun Kumar,14,97033.56,0.0,1358469.84,828855.02,529614.82
ORD-42778,2023-05-30,Laptop Pro X1,Electronics,East,Vikram Das,3,104011.72,0.0,312035.16,155408.51,156626.65
ORD-13164,2023-05-30,USB Hub 7-Port,Electronics,East,Arjun Kumar,1,1156.65,0.15,983.15,570.5,412.65
ORD-42383,2023-05-30,Office Chair Ergo,Furniture,South,Priya Sharma,16,11593.69,0.0,185499.04,109729.98,75769.06
ORD-94651,2023-05-30,Mechanical Keyboard,Electronics,East,Meera Iyer,11,4814.31,0.1,47661.67,23831.53,23830.14
ORD-67630,2023-05-31,Office Chair Ergo,Furniture,South,Meera Iyer,1,10263.37,0.0,10263.37,4969.97,5293.4
ORD-67544,2023-05-31,Pen Set Premium,Stationery,South,Karthik Raj,13,211.12,0.0,2744.56,1852.92,891.64
ORD-61964,2023-05-31,Notebook Pack,Stationery,North,Divya Menon,15,465.39,0.0,6980.85,3865.47,3115.38
ORD-14467,2023-06-01,Laptop Pro X1,Electronics,East,Meera Iyer,4,104747.32,0.0,418989.28,249354.98,169634.3
ORD-33660,2023-06-01,Laptop Pro X1,Electronics,South,Divya Menon,17,106137.26,0.0,1804333.42,1221221.08,583112.34
ORD-64127,2023-06-01,Standing Desk,Furniture,North,Priya Sharma,7,18227.25,0.0,127590.75,70773.96,56816.79
ORD-16005,2023-06-02,Monitor 27inch,Electronics,North,Vikram Das,13,20328.22,0.05,251053.52,134250.74,116802.78
ORD-88135,2023-06-02,Desk Lamp LED,Furniture,East,Priya Sharma,8,1353.99,0.2,8665.54,4801.09,3864.45
ORD-72707,2023-06-02,Standing Desk,Furniture,East,Karthik Raj,2,28255.64,0.2,45209.02,31185.44,14023.58
ORD-74424,2023-06-03,Notebook Pack,Stationery,West,Arjun Kumar,18,429.52,0.0,7731.36,5183.5,2547.86
ORD-68491,2023-06-03,Office Chair Ergo,Furniture,South,Rahul Nair,2,10937.07,0.0,21874.14,13836.28,8037.86
ORD-94930,2023-06-03,USB Hub 7-Port,Electronics,West,Meera Iyer,3,1454.06,0.2,3489.74,2275.4,1214.34
ORD-21919,2023-06-03,Office Chair Ergo,Furniture,East,Meera Iyer,4,12762.07,0.15,43391.04,25851.81,17539.23
ORD-76608,2023-06-03,Desk Lamp LED,Furniture,North,Priya Sharma,20,1474.92,0.0,29498.4,17041.2,12457.2
ORD-97460,2023-06-04,Office Chair Ergo,Furniture,West,Sneha Pillai,20,9269.56,0.05,176121.64,85868.99,90252.65
ORD-28569,2023-06-04,Monitor 27inch,Electronics,North,Meera Iyer,4,20954.32,0.0,83817.28,40149.93,43667.35
ORD-79125,2023-06-04,Pen Set Premium,Stationery,East,Rahul Nair,9,345.63,0.0,3110.67,1776.91,1333.76
ORD-23879,2023-06-04,USB Hub 7-Port,Electronics,North,Arjun Kumar,15,1359.29,0.2,16311.48,10422.07,5889.41
ORD-58072,2023-06-05,Laptop Pro X1,Electronics,North,Meera Iyer,6,86143.96,0.0,516863.76,359698.55,157165.21
ORD-76879,2023-06-06,Office Chair Ergo,Furniture,East,Sneha Pillai,13,13291.74,0.15,146873.73,80626.66,66247.07
ORD-39035,2023-06-06,Desk Lamp LED,Furniture,East,Sneha Pillai,14,1419.23,0.0,19869.22,10163.98,9705.24
ORD-48644,2023-06-06,Pen Set Premium,Stationery,West,Meera Iyer,1,364.95,0.1,328.45,167.73,160.72
ORD-42421,2023-06-06,USB Hub 7-Port,Electronics,South,Divya Menon,9,1336.71,0.2,9624.31,4965.01,4659.3
ORD-71148,2023-06-07,Wireless Headphones,Electronics,East,Karthik Raj,2,3453.75,0.0,6907.5,3303.23,3604.27
ORD-45358,2023-06-07,Notebook Pack,Stationery,East,Sneha Pillai,4,227.46,0.0,909.84,510.59,399.25
ORD-88671,2023-06-07,Laptop Pro X1,Electronics,East,Arjun Kumar,14,88066.99,0.2,986350.29,607103.59,379246.7
ORD-73769,2023-06-07,Notebook Pack,Stationery,West,Arjun Kumar,11,481.28,0.0,5294.08,2789.99,2504.09
ORD-32950,2023-06-07,Wireless Headphones,Electronics,South,Meera Iyer,13,2519.06,0.0,32747.78,15024.1,17723.68
ORD-61648,2023-06-07,USB Hub 7-Port,Electronics,East,Arjun Kumar,16,911.53,0.0,14584.48,8279.61,6304.87
ORD-63964,2023-06-08,Standing Desk,Furniture,South,Rahul Nair,14,18297.44,0.15,217739.54,148307.15,69432.39
ORD-76316,2023-06-08,Pen Set Premium,Stationery,East,Karthik Raj,18,241.78,0.0,4352.04,2802.62,1549.42
ORD-84897,2023-06-08,Wireless Headphones,Electronics,South,Vikram Das,20,4194.76,0.15,71310.92,35136.16,36174.76
ORD-91937,2023-06-08,Monitor 27inch,Electronics,North,Divya Menon,6,22999.19,0.15,117295.87,70924.26,46371.61
ORD-99208,2023-06-08,Notebook Pack,Stationery,East,Karthik Raj,18,327.07,0.0,5887.26,3549.84,2337.42
ORD-88261,2023-06-09,Monitor 27inch,Electronics,North,Divya Menon,2,24783.1,0.0,49566.2,27629.01,21937.19
ORD-49351,2023-06-09,Pen Set Premium,Stationery,North,Vikram Das,14,363.51,0.2,4071.31,2754.71,1316.6
ORD-80795,2023-06-10,Laptop Pro X1,Electronics,North,Sneha Pillai,7,119103.94,0.05,792041.2,494470.67,297570.53
ORD-93105,2023-06-10,USB Hub 7-Port,Electronics,South,Rahul Nair,13,1357.74,0.2,14120.5,8280.7,5839.8
ORD-97424,2023-06-10,Notebook Pack,Stationery,West,Rahul Nair,15,207.15,0.0,3107.25,1698.09,1409.16
ORD-54388,2023-06-11,USB Hub 7-Port,Electronics,North,Meera Iyer,20,956.65,0.0,19133.0,8763.08,10369.92
ORD-23614,2023-06-12,Desk Lamp LED,Furniture,South,Priya Sharma,11,1418.89,0.15,13266.62,9015.21,4251.41
ORD-57602,2023-06-12,Notebook Pack,Stationery,West,Sneha Pillai,7,325.45,0.1,2050.34,1065.6,984.74
ORD-99647,2023-06-12,USB Hub 7-Port,Electronics,North,Meera Iyer,20,1255.12,0.0,25102.4,16014.75,9087.65
ORD-58015,2023-06-13,Laptop Pro X1,Electronics,South,Meera Iyer,2,89418.05,0.0,178836.1,115282.91,63553.19
ORD-83618,2023-06-13,Office Chair Ergo,Furniture,South,Vikram Das,4,11726.14,0.1,42214.1,23319.91,18894.19
ORD-99356,2023-06-14,Standing Desk,Furniture,West,Karthik Raj,4,23053.14,0.1,82991.3,47628.03,35363.27
ORD-92406,2023-06-15,Notebook Pack,Stationery,East,Arjun Kumar,19,344.23,0.2,5232.3,2804.38,2427.92
ORD-14356,2023-06-15,Notebook Pack,Stationery,South,Priya Sharma,19,207.27,0.15,3347.41,1586.84,1760.57
ORD-92515,2023-06-15,Notebook Pack,Stationery,North,Divya Menon,2,238.37,0.1,429.07,210.37,218.7
ORD-79355,2023-06-16,Office Chair Ergo,Furniture,South,Meera Iyer,15,8905.7,0.15,113547.68,65664.21,47883.47
ORD-58258,2023-06-16,Standing Desk,Furniture,West,Karthik Raj,12,24115.3,0.05,274914.42,167352.76,107561.66
ORD-55188,2023-06-16,Notebook Pack,Stationery,East,Vikram Das,17,392.18,0.0,6667.06,3711.09,2955.97
ORD-64138,2023-06-17,Standing Desk,Furniture,South,Arjun Kumar,14,27174.47,0.0,380442.58,259217.89,121224.69
ORD-35995,2023-06-17,Mechanical Keyboard,Electronics,North,Arjun Kumar,10,4727.39,0.05,44910.21,24663.05,20247.16
ORD-92245,2023-06-17,Mechanical Keyboard,Electronics,East,Meera Iyer,5,3731.43,0.1,16791.43,10461.23,6330.2
ORD-83512,2023-06-17,Pen Set Premium,Stationery,West,Priya Sharma,16,160.2,0.0,2563.2,1787.07,776.13
ORD-10734,2023-06-18,USB Hub 7-Port,Electronics,West,Arjun Kumar,11,1091.41,0.0,12005.51,6814.61,5190.9
ORD-38474,2023-06-18,Pen Set Premium,Stationery,East,Divya Menon,5,379.97,0.1,1709.87,1062.93,646.94
ORD-46885,2023-06-18,Notebook Pack,Stationery,South,Rahul Nair,18,202.2,0.15,3093.66,1967.76,1125.9
ORD-44003,2023-06-19,Wireless Headphones,Electronics,East,Karthik Raj,16,3597.29,0.0,57556.64,30051.46,27505.18
ORD-78758,2023-06-20,Standing Desk,Furniture,West,Priya Sharma,2,28626.03,0.05,54389.46,26796.63,27592.83
ORD-99832,2023-06-20,Mechanical Keyboard,Electronics,South,Vikram Das,18,4324.94,0.15,66171.58,42828.98,23342.6
ORD-10282,2023-06-20,Notebook Pack,Stationery,West,Meera Iyer,7,459.4,0.0,3215.8,1579.47,1636.33
ORD-85607,2023-06-20,Desk Lamp LED,Furniture,West,Divya Menon,12,1472.69,0.0,17672.28,12245.76,5426.52
ORD-59005,2023-06-21,USB Hub 7-Port,Electronics,West,Sneha Pillai,16,1163.22,0.0,18611.52,9872.59,8738.93
ORD-55938,2023-06-21,Wireless Headphones,Electronics,East,Meera Iyer,1,3163.03,0.0,3163.03,1971.5,1191.53
ORD-54280,2023-06-21,Wireless Headphones,Electronics,North,Karthik Raj,10,3639.82,0.1,32758.38,19625.3,13133.08
ORD-99831,2023-06-23,Monitor 27inch,Electronics,West,Rahul Nair,15,18448.78,0.2,221385.36,112546.21,108839.15
ORD-28758,2023-06-24,Office Chair Ergo,Furniture,North,Vikram Das,20,12781.94,0.05,242856.86,164707.28,78149.58
ORD-76952,2023-06-24,Standing Desk,Furniture,West,Rahul Nair,19,27845.44,0.0,529063.36,320508.14,208555.22
ORD-58929,2023-06-26,Mechanical Keyboard,Electronics,North,Rahul Nair,11,3353.58,0.0,36889.38,17678.76,19210.62
ORD-54212,2023-06-26,Office Chair Ergo,Furniture,South,Divya Menon,4,8114.73,0.05,30835.97,15031.76,15804.21
ORD-42077,2023-06-26,Mechanical Keyboard,Electronics,East,Priya Sharma,6,3708.55,0.0,22251.3,12441.53,9809.77
ORD-51483,2023-06-26,Mechanical Keyboard,Electronics,South,Vikram Das,19,5345.58,0.0,101566.02,49530.78,52035.24
ORD-80601,2023-06-27,Notebook Pack,Stationery,West,Vikram Das,18,224.34,0.15,3432.4,2103.43,1328.97
ORD-31712,2023-06-27,Standing Desk,Furniture,East,Vikram Das,4,25003.78,0.2,80012.1,47758.8,32253.3
ORD-13445,2023-06-28,Monitor 27inch,Electronics,South,Priya Sharma,7,25920.66,0.0,181444.62,117502.31,63942.31
ORD-28872,2023-06-28,Notebook Pack,Stationery,East,Rahul Nair,12,422.0,0.05,4810.8,3133.58,1677.22
ORD-13929,2023-06-28,USB Hub 7-Port,Electronics,South,Rahul Nair,12,1415.35,0.0,16984.2,10982.65,6001.55
ORD-83660,2023-06-28,USB Hub 7-Port,Electronics,North,Priya Sharma,11,1101.43,0.1,10904.16,5524.84,5379.32
ORD-76269,2023-06-29,Monitor 27inch,Electronics,West,Divya Menon,2,21913.12,0.0,43826.24,30095.71,13730.53
ORD-47941,2023-06-29,Notebook Pack,Stationery,South,Arjun Kumar,13,436.39,0.0,5673.07,3881.24,1791.83
ORD-78742,2023-06-29,Notebook Pack,Stationery,West,Arjun Kumar,12,482.48,0.15,4921.3,2683.53,2237.77
ORD-34219,2023-06-29,Desk Lamp LED,Furniture,West,Vikram Das,17,1626.3,0.05,26264.74,16213.59,10051.15
ORD-95070,2023-06-29,USB Hub 7-Port,Electronics,North,Divya Menon,5,1486.88,0.0,7434.4,4348.44,3085.96
ORD-45033,2023-06-29,Laptop Pro X1,Electronics,North,Priya Sharma,9,109846.56,0.15,840326.18,478811.8,361514.38
ORD-49056,2023-06-30,Laptop Pro X1,Electronics,West,Arjun Kumar,2,115085.44,0.0,230170.88,121639.83,108531.05
ORD-49326,2023-06-30,Notebook Pack,Stationery,West,Rahul Nair,17,360.19,0.0,6123.23,3957.65,2165.58
ORD-46082,2023-06-30,Monitor 27inch,Electronics,West,Karthik Raj,10,20642.0,0.1,185778.0,95165.8,90612.2
ORD-94443,2023-07-01,Notebook Pack,Stationery,North,Meera Iyer,17,219.59,0.05,3546.38,1904.27,1642.11
ORD-56032,2023-07-01,Notebook Pack,Stationery,East,Meera Iyer,3,255.37,0.05,727.8,364.01,363.79
ORD-15110,2023-07-01,Desk Lamp LED,Furniture,North,Rahul Nair,17,1402.49,0.15,20265.98,11499.99,8765.99
ORD-25765,2023-07-01,Pen Set Premium,Stationery,South,Rahul Nair,15,157.59,0.0,2363.85,1616.46,747.39
ORD-62742,2023-07-02,Standing Desk,Furniture,West,Priya Sharma,1,28228.15,0.0,28228.15,15444.35,12783.8
ORD-62190,2023-07-02,Standing Desk,Furniture,East,Sneha Pillai,11,24017.47,0.0,264192.17,159213.2,104978.97
ORD-31174,2023-07-02,USB Hub 7-Port,Electronics,North,Karthik Raj,17,1226.28,0.0,20846.76,11329.77,9516.99
ORD-54555,2023-07-02,Mechanical Keyboard,Electronics,East,Rahul Nair,15,4830.29,0.15,61586.2,28661.14,32925.06
ORD-75767,2023-07-03,Pen Set Premium,Stationery,South,Karthik Raj,3,239.77,0.0,719.31,376.65,342.66
ORD-62952,2023-07-03,Laptop Pro X1,Electronics,North,Sneha Pillai,19,100183.75,0.0,1903491.25,1154930.25,748561.0
ORD-99300,2023-07-04,Notebook Pack,Stationery,North,Divya Menon,16,403.07,0.0,6449.12,2943.96,3505.16
ORD-84814,2023-07-04,Office Chair Ergo,Furniture,East,Divya Menon,19,14986.03,0.0,284734.57,165574.25,119160.32
ORD-27002,2023-07-04,Mechanical Keyboard,Electronics,North,Sneha Pillai,12,4807.25,0.0,57687.0,40353.34,17333.66
ORD-97835,2023-07-05,Desk Lamp LED,Furniture,West,Meera Iyer,3,1811.01,0.05,5161.38,2752.7,2408.68
ORD-22871,2023-07-05,Desk Lamp LED,Furniture,North,Meera Iyer,18,1295.09,0.15,19814.88,9250.39,10564.49
ORD-99830,2023-07-05,Laptop Pro X1,Electronics,West,Priya Sharma,11,88118.7,0.05,920840.41,546519.45,374320.96
ORD-51193,2023-07-05,Monitor 27inch,Electronics,West,Vikram Das,7,23142.51,0.05,153897.69,73595.63,80302.06
ORD-74486,2023-07-06,Office Chair Ergo,Furniture,East,Priya Sharma,15,12324.11,0.0,184861.65,115560.37,69301.28
ORD-85233,2023-07-06,USB Hub 7-Port,Electronics,South,Sneha Pillai,4,1410.47,0.0,5641.88,3384.73,2257.15
ORD-89498,2023-07-06,Laptop Pro X1,Electronics,North,Arjun Kumar,11,92419.21,0.05,965780.74,502244.46,463536.28
ORD-33950,2023-07-06,USB Hub 7-Port,Electronics,North,Meera Iyer,19,1370.06,0.0,26031.14,13021.69,13009.45
ORD-70172,2023-07-07,Pen Set Premium,Stationery,East,Divya Menon,13,271.09,0.0,3524.17,2407.43,1116.74
ORD-14287,2023-07-09,Monitor 27inch,Electronics,West,Arjun Kumar,3,21848.79,0.15,55714.41,29708.4,26006.01
ORD-74036,2023-07-09,Notebook Pack,Stationery,North,Vikram Das,18,445.24,0.2,6411.46,4187.0,2224.46
ORD-43136,2023-07-09,Office Chair Ergo,Furniture,North,Arjun Kumar,9,13613.96,0.0,122525.64,81640.41,40885.23
ORD-44960,2023-07-09,Mechanical Keyboard,Electronics,East,Meera Iyer,19,4559.75,0.1,77971.73,54339.34,23632.39
ORD-90199,2023-07-10,Pen Set Premium,Stationery,West,Priya Sharma,9,343.74,0.15,2629.61,1476.71,1152.9
ORD-87121,2023-07-10,Pen Set Premium,Stationery,South,Meera Iyer,19,230.75,0.1,3945.83,2148.42,1797.41
ORD-12009,2023-07-12,Desk Lamp LED,Furniture,South,Meera Iyer,7,2330.32,0.0,16312.24,8576.93,7735.31
ORD-20085,2023-07-12,Pen Set Premium,Stationery,North,Priya Sharma,13,374.49,0.0,4868.37,3357.05,1511.32
ORD-23405,2023-07-12,Monitor 27inch,Electronics,North,Rahul Nair,2,27697.16,0.0,55394.32,27502.42,27891.9
ORD-96462,2023-07-12,Notebook Pack,Stationery,North,Sneha Pillai,2,474.98,0.05,902.46,589.06,313.4
ORD-83890,2023-07-12,USB Hub 7-Port,Electronics,South,Arjun Kumar,8,988.42,0.1,7116.62,4207.34,2909.28
ORD-76077,2023-07-12,Desk Lamp LED,Furniture,North,Karthik Raj,2,2156.14,0.0,4312.28,2504.9,1807.38
ORD-15171,2023-07-13,Office Chair Ergo,Furniture,South,Karthik Raj,6,8706.28,0.1,47013.91,28230.93,18782.98
ORD-42873,2023-07-13,Standing Desk,Furniture,East,Arjun Kumar,19,18170.53,0.0,345240.07,184819.74,160420.33
ORD-97266,2023-07-14,Pen Set Premium,Stationery,West,Vikram Das,14,386.83,0.0,5415.62,3096.84,2318.78
ORD-65372,2023-07-14,Mechanical Keyboard,Electronics,West,Vikram Das,10,5321.03,0.0,53210.3,30081.74,23128.56
ORD-17100,2023-07-14,Wireless Headphones,Electronics,North,Vikram Das,12,3558.95,0.05,40572.03,27019.32,13552.71
ORD-38863,2023-07-14,USB Hub 7-Port,Electronics,North,Arjun Kumar,8,895.81,0.05,6808.16,4548.05,2260.11
ORD-62928,2023-07-15,Desk Lamp LED,Furniture,South,Karthik Raj,1,2201.1,0.0,2201.1,1442.99,758.11
ORD-10053,2023-07-16,Notebook Pack,Stationery,West,Rahul Nair,20,370.73,0.05,7043.87,4134.64,2909.23
ORD-48420,2023-07-16,Mechanical Keyboard,Electronics,West,Meera Iyer,20,3327.59,0.15,56569.03,27805.46,28763.57
ORD-24114,2023-07-16,Wireless Headphones,Electronics,South,Priya Sharma,6,4310.03,0.0,25860.18,14324.47,11535.71
ORD-16433,2023-07-16,Wireless Headphones,Electronics,North,Vikram Das,16,3814.55,0.15,51877.88,31000.94,20876.94
ORD-63218,2023-07-16,Desk Lamp LED,Furniture,East,Sneha Pillai,9,2233.42,0.0,20100.78,10920.01,9180.77
ORD-32769,2023-07-17,Desk Lamp LED,Furniture,West,Arjun Kumar,19,1757.83,0.15,28388.95,15545.87,12843.08
ORD-68711,2023-07-17,Desk Lamp LED,Furniture,South,Sneha Pillai,15,2407.19,0.1,32497.06,21381.2,11115.86
ORD-17081,2023-07-18,Wireless Headphones,Electronics,South,Meera Iyer,16,2940.81,0.15,39995.02,27223.34,12771.68
ORD-25643,2023-07-18,Mechanical Keyboard,Electronics,West,Rahul Nair,3,3560.93,0.0,10682.79,6770.43,3912.36
ORD-23392,2023-07-18,USB Hub 7-Port,Electronics,East,Sneha Pillai,4,1076.3,0.0,4305.2,2805.6,1499.6
ORD-77976,2023-07-18,Mechanical Keyboard,Electronics,South,Vikram Das,6,4782.15,0.1,25823.61,15542.25,10281.36
ORD-29892,2023-07-19,Office Chair Ergo,Furniture,South,Arjun Kumar,7,13133.89,0.0,91937.23,53451.72,38485.51
ORD-89084,2023-07-20,Monitor 27inch,Electronics,East,Vikram Das,4,24504.63,0.05,93117.59,42573.77,50543.82
ORD-96486,2023-07-20,Notebook Pack,Stationery,North,Karthik Raj,19,350.1,0.0,6651.9,3910.96,2740.94
ORD-91087,2023-07-20,Standing Desk,Furniture,South,Rahul Nair,10,23530.26,0.15,200007.21,112477.41,87529.8
ORD-39850,2023-07-22,Laptop Pro X1,Electronics,West,Vikram Das,6,95623.27,0.2,458991.7,269580.59,189411.11
ORD-18200,2023-07-22,Pen Set Premium,Stationery,West,Vikram Das,1,326.18,0.0,326.18,169.48,156.7
ORD-47373,2023-07-22,Desk Lamp LED,Furniture,West,Sneha Pillai,12,1366.68,0.15,13940.14,7090.42,6849.72
ORD-82680,2023-07-23,Standing Desk,Furniture,East,Rahul Nair,8,28624.59,0.15,194647.21,96072.24,98574.97
ORD-30789,2023-07-23,Pen Set Premium,Stationery,North,Divya Menon,16,247.28,0.0,3956.48,2706.45,1250.03
ORD-23446,2023-07-24,Desk Lamp LED,Furniture,South,Karthik Raj,2,2033.53,0.2,3253.65,1766.09,1487.56
ORD-33671,2023-07-24,Notebook Pack,Stationery,West,Karthik Raj,20,354.61,0.15,6028.37,3863.34,2165.03
ORD-53025,2023-07-24,Pen Set Premium,Stationery,East,Karthik Raj,8,205.73,0.15,1398.96,697.08,701.88
ORD-94912,2023-07-24,Desk Lamp LED,Furniture,East,Divya Menon,19,2263.22,0.0,43001.18,24336.3,18664.88
ORD-86704,2023-07-24,Office Chair Ergo,Furniture,West,Karthik Raj,18,11434.1,0.2,164651.04,108103.63,56547.41
ORD-48684,2023-07-25,Office Chair Ergo,Furniture,East,Karthik Raj,6,9798.79,0.2,47034.19,32267.66,14766.53
ORD-45974,2023-07-25,Monitor 27inch,Electronics,South,Sneha Pillai,9,21027.16,0.2,151395.55,97214.22,54181.33
ORD-96809,2023-07-26,Office Chair Ergo,Furniture,South,Vikram Das,12,9316.0,0.15,95023.2,63145.61,31877.59
ORD-82182,2023-07-26,Office Chair Ergo,Furniture,East,Rahul Nair,1,9808.78,0.2,7847.02,4076.08,3770.94
ORD-35751,2023-07-27,Desk Lamp LED,Furniture,West,Divya Menon,12,2181.64,0.1,23561.71,14952.56,8609.15
ORD-62328,2023-07-27,USB Hub 7-Port,Electronics,West,Karthik Raj,7,805.21,0.0,5636.47,3164.5,2471.97
ORD-27739,2023-07-29,Desk Lamp LED,Furniture,East,Karthik Raj,16,1801.74,0.0,28827.84,19653.95,9173.89
ORD-15191,2023-07-29,Laptop Pro X1,Electronics,South,Meera Iyer,11,89699.35,0.0,986692.85,602771.17,383921.68
ORD-40973,2023-07-29,Office Chair Ergo,Furniture,North,Rahul Nair,19,11841.93,0.2,179997.34,122929.75,57067.59
ORD-69669,2023-07-29,Wireless Headphones,Electronics,North,Meera Iyer,6,2535.86,0.0,15215.16,9603.84,5611.32
ORD-51441,2023-07-29,Monitor 27inch,Electronics,South,Karthik Raj,13,19308.78,0.15,213362.02,112014.9,101347.12
ORD-91646,2023-07-30,Pen Set Premium,Stationery,West,Meera Iyer,14,299.08,0.0,4187.12,2738.26,1448.86
ORD-55587,2023-07-30,Notebook Pack,Stationery,South,Vikram Das,18,215.68,0.0,3882.24,1777.39,2104.85
ORD-36444,2023-07-30,Monitor 27inch,Electronics,West,Sneha Pillai,6,24148.28,0.0,144889.68,100315.38,44574.3
ORD-21593,2023-08-01,Mechanical Keyboard,Electronics,West,Sneha Pillai,3,5799.46,0.1,15658.54,10006.25,5652.29
ORD-37831,2023-08-01,Desk Lamp LED,Furniture,West,Vikram Das,2,1633.93,0.1,2941.07,1916.14,1024.93
ORD-99922,2023-08-01,Pen Set Premium,Stationery,East,Meera Iyer,9,363.12,0.0,3268.08,1599.41,1668.67
ORD-21648,2023-08-03,USB Hub 7-Port,Electronics,East,Vikram Das,12,1346.68,0.0,16160.16,10684.77,5475.39
ORD-51071,2023-08-03,Monitor 27inch,Electronics,North,Karthik Raj,17,26041.27,0.05,420566.51,259011.85,161554.66
ORD-37124,2023-08-03,Desk Lamp LED,Furniture,East,Vikram Das,6,2001.0,0.2,9604.8,4818.3,4786.5
ORD-10649,2023-08-04,USB Hub 7-Port,Electronics,East,Karthik Raj,2,881.08,0.0,1762.16,1187.85,574.31
ORD-44452,2023-08-04,Notebook Pack,Stationery,North,Sneha Pillai,12,383.83,0.0,4605.96,2288.19,2317.77
ORD-20303,2023-08-04,USB Hub 7-Port,Electronics,South,Vikram Das,9,1082.06,0.15,8277.76,5488.76,2789.0
ORD-94929,2023-08-04,Wireless Headphones,Electronics,North,Vikram Das,4,3353.39,0.05,12742.88,6194.26,6548.62
ORD-13455,2023-08-04,Office Chair Ergo,Furniture,West,Priya Sharma,4,8446.55,0.05,32096.89,18844.35,13252.54
ORD-42077,2023-08-04,Mechanical Keyboard,Electronics,North,Sneha Pillai,3,4374.73,0.15,11155.56,6390.96,4764.6
ORD-25023,2023-08-05,Notebook Pack,Stationery,South,Rahul Nair,6,266.24,0.2,1277.95,655.83,622.12
ORD-41369,2023-08-05,Standing Desk,Furniture,North,Meera Iyer,8,26347.52,0.15,179163.14,89783.72,89379.42
ORD-97590,2023-08-05,Standing Desk,Furniture,East,Meera Iyer,20,26759.08,0.0,535181.6,333829.04,201352.56
ORD-99417,2023-08-08,Standing Desk,Furniture,South,Divya Menon,9,25819.05,0.1,209134.3,95158.84,113975.46
ORD-24617,2023-08-09,Desk Lamp LED,Furniture,West,Karthik Raj,19,1212.48,0.05,21885.26,14559.93,7325.33
ORD-44108,2023-08-09,Pen Set Premium,Stationery,West,Rahul Nair,20,359.17,0.05,6824.23,3547.19,3277.04
ORD-64057,2023-08-09,Wireless Headphones,Electronics,West,Vikram Das,1,2592.9,0.05,2463.26,1619.87,843.39
ORD-91719,2023-08-09,Office Chair Ergo,Furniture,South,Sneha Pillai,15,13497.46,0.0,202461.9,105828.94,96632.96
ORD-22137,2023-08-10,USB Hub 7-Port,Electronics,East,Rahul Nair,4,1061.95,0.0,4247.8,2737.48,1510.32
ORD-97691,2023-08-12,Office Chair Ergo,Furniture,East,Karthik Raj,8,12533.48,0.0,100267.84,45519.85,54747.99
ORD-41726,2023-08-12,Desk Lamp LED,Furniture,East,Rahul Nair,7,1848.7,0.0,12940.9,6583.23,6357.67
ORD-67178,2023-08-12,Mechanical Keyboard,Electronics,East,Sneha Pillai,2,5452.19,0.1,9813.94,5766.4,4047.54
ORD-67779,2023-08-13,Standing Desk,Furniture,East,Rahul Nair,4,28840.84,0.15,98058.86,45092.92,52965.94
ORD-81989,2023-08-13,Office Chair Ergo,Furniture,West,Rahul Nair,15,13234.14,0.1,178660.89,97085.44,81575.45
ORD-18996,2023-08-13,Monitor 27inch,Electronics,West,Meera Iyer,20,23134.64,0.2,370154.24,203603.79,166550.45
ORD-30808,2023-08-13,Desk Lamp LED,Furniture,South,Arjun Kumar,13,1673.94,0.2,17408.98,8828.88,8580.1
ORD-45066,2023-08-14,Pen Set Premium,Stationery,East,Sneha Pillai,18,223.17,0.15,3414.5,1744.99,1669.51
ORD-47316,2023-08-14,Monitor 27inch,Electronics,East,Divya Menon,17,19385.23,0.1,296594.02,189598.63,106995.39
ORD-82285,2023-08-14,Wireless Headphones,Electronics,South,Karthik Raj,9,3703.94,0.0,33335.46,17905.75,15429.71
ORD-88606,2023-08-14,Mechanical Keyboard,Electronics,North,Arjun Kumar,8,5013.48,0.05,38102.45,22667.51,15434.94
ORD-21854,2023-08-14,Mechanical Keyboard,Electronics,West,Priya Sharma,5,5768.21,0.15,24514.89,15477.56,9037.33
ORD-66455,2023-08-14,Office Chair Ergo,Furniture,East,Meera Iyer,1,9710.57,0.15,8253.98,5150.08,3103.9
ORD-26936,2023-08-15,Desk Lamp LED,Furniture,South,Divya Menon,4,2432.24,0.1,8756.06,5277.17,3478.89
ORD-74217,2023-08-16,Standing Desk,Furniture,South,Priya Sharma,6,29125.24,0.05,166013.87,110695.1,55318.77
ORD-78289,2023-08-16,Monitor 27inch,Electronics,North,Arjun Kumar,13,27306.85,0.05,337239.6,203521.2,133718.4
ORD-70929,2023-08-17,Notebook Pack,Stationery,West,Priya Sharma,12,339.76,0.15,3465.55,2023.12,1442.43
ORD-45446,2023-08-18,Laptop Pro X1,Electronics,South,Karthik Raj,2,107386.54,0.0,214773.08,146434.86,68338.22
ORD-66244,2023-08-18,Wireless Headphones,Electronics,East,Sneha Pillai,4,4406.51,0.1,15863.44,8035.46,7827.98
ORD-53870,2023-08-18,Laptop Pro X1,Electronics,East,Vikram Das,18,100710.15,0.0,1812782.7,993340.97,819441.73
ORD-17228,2023-08-18,Laptop Pro X1,Electronics,North,Vikram Das,20,98673.55,0.05,1874797.45,873001.76,1001795.69
ORD-99864,2023-08-18,Laptop Pro X1,Electronics,North,Arjun Kumar,16,117802.38,0.15,1602112.37,875576.34,726536.03
ORD-38909,2023-08-18,Pen Set Premium,Stationery,South,Karthik Raj,16,390.88,0.0,6254.08,3065.22,3188.86
ORD-45060,2023-08-18,Pen Set Premium,Stationery,East,Sneha Pillai,12,342.34,0.2,3286.46,2200.05,1086.41
ORD-42855,2023-08-19,Wireless Headphones,Electronics,North,Vikram Das,10,4717.29,0.0,47172.9,24173.5,22999.4
ORD-19305,2023-08-19,Wireless Headphones,Electronics,East,Arjun Kumar,19,3884.8,0.1,66430.08,33550.8,32879.28
ORD-27575,2023-08-19,Mechanical Keyboard,Electronics,South,Meera Iyer,2,4687.16,0.05,8905.6,5248.26,3657.34
ORD-30865,2023-08-19,Laptop Pro X1,Electronics,South,Meera Iyer,13,95468.56,0.2,992873.02,610430.82,382442.2
ORD-73343,2023-08-20,Pen Set Premium,Stationery,South,Rahul Nair,1,224.2,0.0,224.2,148.95,75.25
ORD-46937,2023-08-20,Notebook Pack,Stationery,North,Meera Iyer,6,497.23,0.0,2983.38,1418.4,1564.98
ORD-72347,2023-08-20,USB Hub 7-Port,Electronics,West,Karthik Raj,14,932.15,0.0,13050.1,8791.7,4258.4
ORD-61768,2023-08-21,Monitor 27inch,Electronics,West,Priya Sharma,11,25318.55,0.2,222803.24,121055.8,101747.44
ORD-70476,2023-08-21,Standing Desk,Furniture,West,Divya Menon,17,25044.04,0.1,383173.81,245003.37,138170.44
ORD-14768,2023-08-21,Pen Set Premium,Stationery,West,Vikram Das,11,310.63,0.0,3416.93,2306.4,1110.53
ORD-45582,2023-08-22,Standing Desk,Furniture,East,Arjun Kumar,13,25516.82,0.0,331718.66,191353.28,140365.38
ORD-90538,2023-08-22,USB Hub 7-Port,Electronics,East,Divya Menon,1,1494.37,0.15,1270.21,786.81,483.4
ORD-53908,2023-08-22,Monitor 27inch,Electronics,East,Divya Menon,19,19912.67,0.0,378340.73,188399.17,189941.56
ORD-84356,2023-08-23,Office Chair Ergo,Furniture,East,Sneha Pillai,15,9101.78,0.1,122874.03,71661.6,51212.43
ORD-11787,2023-08-23,Mechanical Keyboard,Electronics,South,Sneha Pillai,11,4240.19,0.1,41977.88,26586.0,15391.88
ORD-81176,2023-08-24,Standing Desk,Furniture,West,Karthik Raj,2,29089.91,0.15,49452.85,33696.98,15755.87
ORD-42105,2023-08-24,Pen Set Premium,Stationery,West,Divya Menon,19,356.96,0.0,6782.24,4621.62,2160.62
ORD-76735,2023-08-24,Desk Lamp LED,Furniture,West,Arjun Kumar,12,2112.37,0.1,22813.6,15294.51,7519.09
ORD-64496,2023-08-25,Notebook Pack,Stationery,South,Divya Menon,3,324.46,0.0,973.38,570.06,403.32
ORD-49883,2023-08-25,Standing Desk,Furniture,East,Vikram Das,16,18736.2,0.05,284790.24,173997.81,110792.43
ORD-47700,2023-08-26,Pen Set Premium,Stationery,East,Meera Iyer,9,316.71,0.2,2280.31,1291.37,988.94
ORD-69054,2023-08-26,Wireless Headphones,Electronics,East,Vikram Das,11,2574.06,0.0,28314.66,18288.07,10026.59
ORD-25681,2023-08-28,Laptop Pro X1,Electronics,West,Arjun Kumar,19,87044.61,0.05,1571155.21,1008954.8,562200.41
ORD-49926,2023-08-28,Laptop Pro X1,Electronics,East,Priya Sharma,8,111704.24,0.15,759588.83,490924.95,268663.88
ORD-47852,2023-08-28,Notebook Pack,Stationery,West,Meera Iyer,9,243.54,0.2,1753.49,979.65,773.84
ORD-24435,2023-08-29,Pen Set Premium,Stationery,East,Vikram Das,7,336.77,0.0,2357.39,1196.41,1160.98
ORD-20443,2023-08-29,Notebook Pack,Stationery,East,Rahul Nair,18,396.83,0.0,7142.94,4437.7,2705.24
ORD-11352,2023-08-30,Desk Lamp LED,Furniture,West,Divya Menon,12,1957.77,0.15,19969.25,11273.46,8695.79
ORD-87550,2023-08-31,Mechanical Keyboard,Electronics,South,Divya Menon,14,3901.5,0.0,54621.0,32181.58,22439.42
ORD-58799,2023-08-31,Mechanical Keyboard,Electronics,West,Sneha Pillai,12,3551.74,0.05,40489.84,20351.53,20138.31
ORD-74572,2023-09-02,Notebook Pack,Stationery,North,Karthik Raj,19,438.4,0.2,6663.68,4401.09,2262.59
ORD-68891,2023-09-02,Pen Set Premium,Stationery,West,Priya Sharma,18,310.85,0.05,5315.53,3101.53,2214.0
ORD-48175,2023-09-03,Office Chair Ergo,Furniture,North,Rahul Nair,1,10859.62,0.15,9230.68,5524.13,3706.55
ORD-80070,2023-09-03,Wireless Headphones,Electronics,East,Rahul Nair,4,4412.25,0.0,17649.0,8477.87,9171.13
ORD-79822,2023-09-03,Laptop Pro X1,Electronics,South,Priya Sharma,3,110616.77,0.2,265480.25,124059.75,141420.5
ORD-22260,2023-09-04,Laptop Pro X1,Electronics,North,Divya Menon,18,104329.71,0.0,1877934.78,1091585.21,786349.57
ORD-40801,2023-09-04,Monitor 27inch,Electronics,East,Arjun Kumar,17,20227.07,0.15,292281.16,159193.68,133087.48
ORD-87170,2023-09-04,Office Chair Ergo,Furniture,South,Meera Iyer,16,10030.25,0.15,136411.4,64796.09,71615.31
ORD-74739,2023-09-04,USB Hub 7-Port,Electronics,North,Karthik Raj,10,1328.01,0.0,13280.1,6180.62,7099.48
ORD-30788,2023-09-06,Pen Set Premium,Stationery,West,Karthik Raj,14,162.23,0.0,2271.22,1268.08,1003.14
ORD-73945,2023-09-06,Desk Lamp LED,Furniture,West,Divya Menon,19,1763.9,0.0,33514.1,15952.42,17561.68
ORD-13238,2023-09-07,Laptop Pro X1,Electronics,East,Vikram Das,4,98505.66,0.1,354620.38,223763.3,130857.08
ORD-77889,2023-09-07,Office Chair Ergo,Furniture,North,Priya Sharma,14,9531.89,0.2,106757.17,73608.16,33149.01
ORD-87459,2023-09-07,USB Hub 7-Port,Electronics,South,Meera Iyer,13,846.24,0.0,11001.12,7189.0,3812.12
ORD-59250,2023-09-07,Desk Lamp LED,Furniture,North,Arjun Kumar,5,1686.88,0.0,8434.4,4221.44,4212.96
ORD-32608,2023-09-08,Laptop Pro X1,Electronics,North,Divya Menon,13,102101.91,0.15,1128226.11,675851.29,452374.82
ORD-98795,2023-09-09,Office Chair Ergo,Furniture,South,Arjun Kumar,6,13900.17,0.0,83401.02,37968.18,45432.84
ORD-91360,2023-09-09,USB Hub 7-Port,Electronics,West,Meera Iyer,2,800.7,0.05,1521.33,1050.14,471.19
ORD-64396,2023-09-09,Pen Set Premium,Stationery,East,Karthik Raj,17,192.82,0.0,3277.94,1780.28,1497.66
ORD-85196,2023-09-10,Standing Desk,Furniture,East,Vikram Das,19,20668.88,0.1,353437.85,242657.38,110780.47
ORD-98047,2023-09-10,Standing Desk,Furniture,North,Karthik Raj,14,21880.94,0.1,275699.84,130240.24,145459.6
ORD-53169,2023-09-11,Wireless Headphones,Electronics,East,Priya Sharma,18,2774.98,0.1,44954.68,24801.29,20153.39
ORD-56338,2023-09-12,Mechanical Keyboard,Electronics,North,Vikram Das,11,3228.09,0.0,35508.99,20209.55,15299.44
ORD-54186,2023-09-13,Monitor 27inch,Electronics,South,Divya Menon,3,18160.38,0.0,54481.14,37990.93,16490.21
ORD-22521,2023-09-13,Office Chair Ergo,Furniture,West,Meera Iyer,13,14375.83,0.0,186885.79,116734.57,70151.22
ORD-40689,2023-09-14,Wireless Headphones,Electronics,East,Rahul Nair,2,3490.85,0.0,6981.7,4408.92,2572.78
ORD-43330,2023-09-14,USB Hub 7-Port,Electronics,North,Vikram Das,4,1283.38,0.0,5133.52,2586.61,2546.91
ORD-37117,2023-09-15,USB Hub 7-Port,Electronics,West,Rahul Nair,17,1400.55,0.0,23809.35,15504.88,8304.47
ORD-71846,2023-09-15,Mechanical Keyboard,Electronics,South,Vikram Das,20,4695.65,0.0,93913.0,44516.87,49396.13
ORD-64499,2023-09-16,Pen Set Premium,Stationery,West,Meera Iyer,15,242.89,0.0,3643.35,2061.5,1581.85
ORD-87564,2023-09-16,Office Chair Ergo,Furniture,East,Karthik Raj,9,8099.42,0.0,72894.78,43806.51,29088.27
ORD-50662,2023-09-16,Desk Lamp LED,Furniture,South,Sneha Pillai,3,1957.56,0.0,5872.68,3988.65,1884.03
ORD-52336,2023-09-16,USB Hub 7-Port,Electronics,West,Arjun Kumar,14,1248.68,0.15,14859.29,6879.34,7979.95
ORD-18993,2023-09-16,Wireless Headphones,Electronics,West,Arjun Kumar,18,2630.21,0.0,47343.78,23958.58,23385.2
ORD-97023,2023-09-17,Monitor 27inch,Electronics,West,Arjun Kumar,12,21011.34,0.0,252136.08,169648.02,82488.06
ORD-42767,2023-09-17,Office Chair Ergo,Furniture,South,Priya Sharma,8,8927.14,0.0,71417.12,36259.47,35157.65
ORD-28775,2023-09-19,Mechanical Keyboard,Electronics,West,Rahul Nair,13,4368.2,0.0,56786.6,35158.37,21628.23
ORD-42053,2023-09-19,Wireless Headphones,Electronics,North,Divya Menon,17,2506.42,0.2,34087.31,22693.02,11394.29
ORD-65146,2023-09-19,Desk Lamp LED,Furniture,South,Vikram Das,20,2118.01,0.1,38124.18,26139.76,11984.42
ORD-56439,2023-09-20,Wireless Headphones,Electronics,North,Arjun Kumar,2,3332.16,0.0,6664.32,3783.56,2880.76
ORD-62551,2023-09-20,Pen Set Premium,Stationery,South,Priya Sharma,19,272.06,0.0,5169.14,3436.19,1732.95
ORD-15170,2023-09-20,Standing Desk,Furniture,West,Karthik Raj,9,23571.33,0.0,212141.97,138591.2,73550.77
ORD-64266,2023-09-20,Wireless Headphones,Electronics,North,Arjun Kumar,13,3595.55,0.05,44405.04,30740.52,13664.52
ORD-22252,2023-09-20,Laptop Pro X1,Electronics,West,Priya Sharma,9,107505.67,0.05,919173.48,618857.15,300316.33
ORD-46202,2023-09-22,Monitor 27inch,Electronics,North,Priya Sharma,13,23563.64,0.1,275694.59,146540.41,129154.18
ORD-75597,2023-09-22,Standing Desk,Furniture,South,Meera Iyer,12,22693.61,0.2,217858.66,135048.16,82810.5
ORD-25506,2023-09-22,Notebook Pack,Stationery,West,Meera Iyer,13,329.91,0.0,4288.83,2347.6,1941.23
ORD-74175,2023-09-22,Standing Desk,Furniture,West,Vikram Das,2,23577.16,0.0,47154.32,22652.36,24501.96
ORD-31344,2023-09-22,Pen Set Premium,Stationery,North,Sneha Pillai,17,333.24,0.0,5665.08,3746.43,1918.65
ORD-36909,2023-09-23,Mechanical Keyboard,Electronics,East,Rahul Nair,6,3132.06,0.05,17852.74,11828.53,6024.21
ORD-24308,2023-09-23,Mechanical Keyboard,Electronics,North,Sneha Pillai,18,5154.96,0.1,83510.35,42479.56,41030.79
ORD-72537,2023-09-23,Wireless Headphones,Electronics,West,Arjun Kumar,1,3487.33,0.0,3487.33,1719.02,1768.31
ORD-40496,2023-09-23,Pen Set Premium,Stationery,South,Divya Menon,6,186.73,0.1,1008.34,619.12,389.22
ORD-94125,2023-09-23,Pen Set Premium,Stationery,East,Priya Sharma,16,238.79,0.0,3820.64,2052.5,1768.14
ORD-96175,2023-09-24,Desk Lamp LED,Furniture,West,Priya Sharma,14,1390.12,0.0,19461.68,9656.92,9804.76
ORD-46083,2023-09-24,Monitor 27inch,Electronics,East,Meera Iyer,11,25873.74,0.15,241919.47,124462.84,117456.63
ORD-23555,2023-09-24,Laptop Pro X1,Electronics,East,Priya Sharma,5,106960.33,0.15,454581.4,316479.33,138102.07
ORD-89494,2023-09-25,USB Hub 7-Port,Electronics,West,Rahul Nair,19,1182.29,0.15,19093.98,12553.09,6540.89
ORD-20831,2023-09-25,Notebook Pack,Stationery,South,Rahul Nair,13,404.7,0.2,4208.88,2005.98,2202.9
ORD-81702,2023-09-25,Wireless Headphones,Electronics,North,Sneha Pillai,6,4719.83,0.0,28318.98,17925.81,10393.17
ORD-97574,2023-09-27,Standing Desk,Furniture,East,Arjun Kumar,5,27026.82,0.15,114863.99,54465.71,60398.28
ORD-31880,2023-09-27,USB Hub 7-Port,Electronics,West,Priya Sharma,5,1408.62,0.2,5634.48,3143.22,2491.26
ORD-39847,2023-09-27,Office Chair Ergo,Furniture,South,Priya Sharma,3,9317.39,0.2,22361.74,11859.58,10502.16
ORD-27329,2023-09-28,Office Chair Ergo,Furniture,East,Meera Iyer,20,12134.17,0.0,242683.4,132153.93,110529.47
ORD-79798,2023-09-28,Wireless Headphones,Electronics,North,Rahul Nair,15,3496.86,0.0,52452.9,29849.19,22603.71
ORD-15778,2023-09-28,USB Hub 7-Port,Electronics,West,Karthik Raj,2,864.61,0.05,1642.76,1079.85,562.91
ORD-58222,2023-09-28,Mechanical Keyboard,Electronics,North,Vikram Das,1,5646.84,0.15,4799.81,2416.35,2383.46
ORD-74349,2023-09-29,Mechanical Keyboard,Electronics,East,Divya Menon,4,3148.91,0.1,11336.08,6658.99,4677.09
ORD-23983,2023-09-29,Standing Desk,Furniture,South,Divya Menon,8,28036.02,0.0,224288.16,109676.66,114611.5
ORD-63026,2023-09-30,Standing Desk,Furniture,North,Priya Sharma,9,20717.58,0.1,167812.4,104862.29,62950.11
ORD-53841,2023-09-30,USB Hub 7-Port,Electronics,East,Vikram Das,6,1384.38,0.2,6645.02,3999.67,2645.35
ORD-57681,2023-09-30,Wireless Headphones,Electronics,West,Vikram Das,7,4478.2,0.0,31347.4,19685.44,11661.96
ORD-15490,2023-10-01,Office Chair Ergo,Furniture,South,Divya Menon,3,12318.12,0.0,36954.36,20273.16,16681.2
ORD-44076,2023-10-01,Desk Lamp LED,Furniture,East,Priya Sharma,20,1569.78,0.0,31395.6,17756.85,13638.75
ORD-35154,2023-10-01,Mechanical Keyboard,Electronics,South,Karthik Raj,20,3708.39,0.0,74167.8,35481.11,38686.69
ORD-94259,2023-10-02,Wireless Headphones,Electronics,South,Sneha Pillai,7,4138.6,0.05,27521.69,18471.75,9049.94
ORD-67177,2023-10-02,Notebook Pack,Stationery,West,Priya Sharma,16,386.81,0.15,5260.62,2823.33,2437.29
ORD-29722,2023-10-02,USB Hub 7-Port,Electronics,West,Arjun Kumar,17,940.45,0.05,15188.27,7395.71,7792.56
ORD-32313,2023-10-03,USB Hub 7-Port,Electronics,South,Sneha Pillai,12,1262.93,0.0,15155.16,7994.83,7160.33
ORD-93039,2023-10-03,Laptop Pro X1,Electronics,East,Meera Iyer,18,99247.68,0.05,1697135.33,775975.43,921159.9
ORD-12641,2023-10-04,Wireless Headphones,Electronics,North,Priya Sharma,17,4305.28,0.2,58551.81,37072.65,21479.16
ORD-11276,2023-10-04,Standing Desk,Furniture,West,Vikram Das,7,19750.12,0.15,117513.21,57274.41,60238.8
ORD-96520,2023-10-05,Laptop Pro X1,Electronics,West,Arjun Kumar,3,98602.58,0.0,295807.74,182142.26,113665.48
ORD-16653,2023-10-05,USB Hub 7-Port,Electronics,East,Rahul Nair,4,1230.97,0.1,4431.49,2259.26,2172.23
ORD-99787,2023-10-05,USB Hub 7-Port,Electronics,East,Sneha Pillai,19,1255.15,0.0,23847.85,12461.67,11386.18
ORD-77154,2023-10-06,Pen Set Premium,Stationery,West,Meera Iyer,20,260.51,0.0,5210.2,2625.38,2584.82
ORD-20069,2023-10-07,Monitor 27inch,Electronics,West,Sneha Pillai,2,20898.56,0.1,37617.41,22936.71,14680.7
ORD-69631,2023-10-08,USB Hub 7-Port,Electronics,West,Divya Menon,14,1338.8,0.15,15931.72,10356.73,5574.99
ORD-94875,2023-10-08,Laptop Pro X1,Electronics,North,Meera Iyer,20,107128.4,0.05,2035439.6,1004372.9,1031066.7
ORD-45740,2023-10-09,Office Chair Ergo,Furniture,East,Arjun Kumar,20,10790.69,0.0,215813.8,133707.88,82105.92
ORD-87187,2023-10-09,Standing Desk,Furniture,South,Meera Iyer,3,27683.05,0.1,74744.24,39622.5,35121.74
ORD-17456,2023-10-09,Desk Lamp LED,Furniture,North,Sneha Pillai,17,1296.45,0.05,20937.67,11787.46,9150.21
ORD-48680,2023-10-09,Mechanical Keyboard,Electronics,West,Rahul Nair,2,4842.32,0.1,8716.18,4457.86,4258.32
ORD-83546,2023-10-09,Mechanical Keyboard,Electronics,West,Karthik Raj,12,4873.5,0.05,55557.9,37978.1,17579.8
ORD-73641,2023-10-10,Mechanical Keyboard,Electronics,East,Vikram Das,9,5949.26,0.0,53543.34,24267.53,29275.81
ORD-28665,2023-10-10,Office Chair Ergo,Furniture,West,Priya Sharma,19,14610.39,0.0,277597.41,139203.38,138394.03
ORD-51618,2023-10-10,Pen Set Premium,Stationery,North,Sneha Pillai,2,258.34,0.15,439.18,284.83,154.35
ORD-78820,2023-10-11,Laptop Pro X1,Electronics,South,Sneha Pillai,17,114954.39,0.1,1758802.17,884141.12,874661.05
ORD-98635,2023-10-11,Office Chair Ergo,Furniture,South,Divya Menon,5,12979.76,0.2,51919.04,26576.77,25342.27
ORD-31049,2023-10-11,Pen Set Premium,Stationery,North,Sneha Pillai,15,324.78,0.15,4140.94,2135.87,2005.07
ORD-44961,2023-10-11,Mechanical Keyboard,Electronics,West,Divya Menon,8,3661.31,0.1,26361.43,15623.21,10738.22
ORD-26083,2023-10-11,Laptop Pro X1,Electronics,North,Sneha Pillai,12,100834.37,0.1,1089011.2,633445.85,455565.35
ORD-24047,2023-10-12,Notebook Pack,Stationery,South,Karthik Raj,19,394.51,0.0,7495.69,4236.85,3258.84
ORD-39418,2023-10-13,Desk Lamp LED,Furniture,West,Meera Iyer,1,2321.6,0.05,2205.52,1237.31,968.21
ORD-13617,2023-10-13,Wireless Headphones,Electronics,East,Sneha Pillai,17,3499.2,0.2,47589.12,27794.61,19794.51
ORD-71342,2023-10-13,Laptop Pro X1,Electronics,West,Karthik Raj,13,116533.48,0.05,1439188.48,969201.51,469986.97
ORD-26088,2023-10-14,Wireless Headphones,Electronics,South,Rahul Nair,17,3076.34,0.15,44453.11,26149.16,18303.95
ORD-69890,2023-10-14,Notebook Pack,Stationery,North,Karthik Raj,2,469.56,0.0,939.12,455.9,483.22
ORD-38467,2023-10-16,Mechanical Keyboard,Electronics,South,Meera Iyer,1,3698.43,0.0,3698.43,1677.91,2020.52
ORD-24367,2023-10-16,Desk Lamp LED,Furniture,West,Meera Iyer,17,1364.03,0.05,22029.08,11537.41,10491.67
ORD-97591,2023-10-17,Monitor 27inch,Electronics,East,Divya Menon,16,22353.35,0.0,357653.6,244087.25,113566.35
ORD-43444,2023-10-17,Monitor 27inch,Electronics,North,Priya Sharma,18,27519.0,0.05,470574.9,222646.75,247928.15
ORD-81228,2023-10-17,Mechanical Keyboard,Electronics,West,Rahul Nair,15,4615.74,0.0,69236.1,36910.46,32325.64
ORD-13313,2023-10-17,Standing Desk,Furniture,West,Vikram Das,1,21578.12,0.0,21578.12,10487.29,11090.83
ORD-79699,2023-10-17,Desk Lamp LED,Furniture,East,Priya Sharma,3,1934.9,0.1,5224.23,3370.4,1853.83
ORD-85757,2023-10-18,Desk Lamp LED,Furniture,West,Karthik Raj,7,1207.11,0.15,7182.3,4649.5,2532.8
ORD-58855,2023-10-19,USB Hub 7-Port,Electronics,South,Vikram Das,1,1495.21,0.15,1270.93,696.99,573.94
ORD-50645,2023-10-19,Office Chair Ergo,Furniture,North,Karthik Raj,16,13607.7,0.15,185064.72,120586.01,64478.71
ORD-23123,2023-10-19,Monitor 27inch,Electronics,South,Priya Sharma,5,27314.1,0.1,122913.45,73734.12,49179.33
ORD-71656,2023-10-19,Laptop Pro X1,Electronics,South,Meera Iyer,7,108871.71,0.2,609681.58,289844.98,319836.6
ORD-85304,2023-10-20,Office Chair Ergo,Furniture,South,Rahul Nair,6,9665.34,0.0,57992.04,40504.15,17487.89
ORD-75248,2023-10-20,USB Hub 7-Port,Electronics,West,Arjun Kumar,14,1273.92,0.15,15159.65,7338.89,7820.76
ORD-68341,2023-10-20,Pen Set Premium,Stationery,South,Priya Sharma,5,363.21,0.05,1725.25,850.83,874.42
ORD-95854,2023-10-20,Standing Desk,Furniture,North,Divya Menon,20,20033.79,0.0,400675.8,216338.89,184336.91
ORD-77915,2023-10-21,Desk Lamp LED,Furniture,North,Rahul Nair,16,1770.66,0.0,28330.56,18773.02,9557.54
ORD-63282,2023-10-21,Mechanical Keyboard,Electronics,West,Divya Menon,10,4906.91,0.0,49069.1,33703.78,15365.32
ORD-80592,2023-10-22,Wireless Headphones,Electronics,East,Meera Iyer,9,4368.35,0.0,39315.15,19677.9,19637.25
ORD-14888,2023-10-22,Monitor 27inch,Electronics,East,Arjun Kumar,3,24522.99,0.0,73568.97,42948.69,30620.28
ORD-83093,2023-10-22,Desk Lamp LED,Furniture,West,Vikram Das,20,1627.38,0.05,30920.22,17590.54,13329.68
ORD-24532,2023-10-22,Wireless Headphones,Electronics,South,Karthik Raj,13,4046.61,0.1,47345.34,29561.46,17783.88
ORD-47089,2023-10-22,Pen Set Premium,Stationery,West,Rahul Nair,14,364.08,0.1,4587.41,2311.56,2275.85
ORD-47982,2023-10-23,Wireless Headphones,Electronics,North,Meera Iyer,5,3665.79,0.0,18328.95,10645.39,7683.56
ORD-13440,2023-10-23,USB Hub 7-Port,Electronics,North,Sneha Pillai,13,1128.21,0.1,13200.06,7374.51,5825.55
ORD-47721,2023-10-23,Standing Desk,Furniture,West,Sneha Pillai,16,22185.64,0.2,283976.19,179023.16,104953.03
ORD-70115,2023-10-23,Office Chair Ergo,Furniture,North,Rahul Nair,7,8024.73,0.2,44938.49,23065.93,21872.56
ORD-17770,2023-10-24,Desk Lamp LED,Furniture,East,Priya Sharma,5,2451.6,0.2,9806.4,5421.95,4384.45
ORD-37372,2023-10-24,Pen Set Premium,Stationery,North,Vikram Das,18,166.99,0.0,3005.82,1795.73,1210.09
ORD-59827,2023-10-24,Office Chair Ergo,Furniture,North,Arjun Kumar,16,9913.12,0.0,158609.92,104662.23,53947.69
ORD-11267,2023-10-25,Monitor 27inch,Electronics,East,Vikram Das,4,18949.98,0.2,60639.94,40784.79,19855.15
ORD-65386,2023-10-25,Standing Desk,Furniture,North,Meera Iyer,12,20984.74,0.15,214044.35,130408.91,83635.44
ORD-40352,2023-10-25,Office Chair Ergo,Furniture,South,Meera Iyer,3,14196.43,0.0,42589.29,29310.14,13279.15
ORD-63961,2023-10-26,Standing Desk,Furniture,North,Arjun Kumar,8,28019.37,0.1,201739.46,123296.7,78442.76
ORD-78280,2023-10-26,Mechanical Keyboard,Electronics,West,Karthik Raj,15,5342.92,0.0,80143.8,51049.51,29094.29
ORD-32227,2023-10-26,Notebook Pack,Stationery,West,Priya Sharma,18,471.56,0.0,8488.08,5033.35,3454.73
ORD-63852,2023-10-26,USB Hub 7-Port,Electronics,North,Meera Iyer,2,1058.06,0.0,2116.12,1043.15,1072.97
ORD-85455,2023-10-26,Office Chair Ergo,Furniture,South,Divya Menon,7,13147.23,0.0,92030.61,49747.74,42282.87
ORD-35614,2023-10-26,Desk Lamp LED,Furniture,East,Divya Menon,15,1678.76,0.05,23922.33,16732.4,7189.93
ORD-42640,2023-10-27,Monitor 27inch,Electronics,South,Vikram Das,19,22115.43,0.1,378173.85,197374.87,180798.98
ORD-42597,2023-10-27,Notebook Pack,Stationery,North,Meera Iyer,9,307.58,0.15,2352.99,1261.23,1091.76
ORD-67292,2023-10-27,Desk Lamp LED,Furniture,South,Arjun Kumar,18,1685.74,0.05,28826.15,19329.1,9497.05
ORD-75612,2023-10-28,Notebook Pack,Stationery,South,Meera Iyer,1,486.14,0.15,413.22,213.16,200.06
ORD-33600,2023-10-28,Monitor 27inch,Electronics,East,Vikram Das,5,20441.97,0.05,97099.36,57432.53,39666.83
ORD-75622,2023-10-29,Desk Lamp LED,Furniture,North,Rahul Nair,15,2278.86,0.05,32473.76,15347.43,17126.33
ORD-13009,2023-10-29,Office Chair Ergo,Furniture,West,Vikram Das,19,11918.94,0.0,226459.86,124995.6,101464.26
ORD-28061,2023-10-29,Pen Set Premium,Stationery,South,Vikram Das,8,202.68,0.0,1621.44,752.29,869.15
ORD-39873,2023-10-29,Office Chair Ergo,Furniture,South,Rahul Nair,20,10046.33,0.05,190880.27,98174.77,92705.5
ORD-10358,2023-10-30,Office Chair Ergo,Furniture,North,Meera Iyer,7,12817.43,0.05,85235.91,45400.98,39834.93
ORD-56210,2023-10-30,Mechanical Keyboard,Electronics,West,Vikram Das,6,5069.29,0.0,30415.74,17087.03,13328.71
ORD-17184,2023-10-31,Notebook Pack,Stationery,East,Divya Menon,3,386.14,0.0,1158.42,734.37,424.05
ORD-28167,2023-11-01,Desk Lamp LED,Furniture,West,Rahul Nair,13,2217.13,0.2,23058.15,12894.65,10163.5
ORD-25855,2023-11-02,Notebook Pack,Stationery,North,Sneha Pillai,5,323.85,0.0,1619.25,833.08,786.17
ORD-84632,2023-11-02,Notebook Pack,Stationery,North,Rahul Nair,5,497.7,0.0,2488.5,1374.39,1114.11
ORD-90478,2023-11-02,Laptop Pro X1,Electronics,South,Arjun Kumar,4,119157.06,0.0,476628.24,272144.12,204484.12
ORD-89036,2023-11-03,Monitor 27inch,Electronics,North,Arjun Kumar,5,19536.91,0.0,97684.55,57833.92,39850.63
ORD-95199,2023-11-03,Office Chair Ergo,Furniture,West,Rahul Nair,5,8478.88,0.1,38154.96,17250.57,20904.39
ORD-21848,2023-11-04,Desk Lamp LED,Furniture,South,Rahul Nair,5,2062.43,0.2,8249.72,5692.13,2557.59
ORD-72710,2023-11-04,Monitor 27inch,Electronics,West,Sneha Pillai,7,21037.87,0.1,132538.58,79181.56,53357.02
ORD-82219,2023-11-04,Office Chair Ergo,Furniture,South,Karthik Raj,8,11661.64,0.0,93293.12,55242.02,38051.1
ORD-43022,2023-11-05,Desk Lamp LED,Furniture,West,Priya Sharma,18,2228.64,0.2,32092.42,19008.38,13084.04
ORD-72126,2023-11-05,Desk Lamp LED,Furniture,North,Karthik Raj,15,1695.84,0.2,20350.08,12518.98,7831.1
ORD-92752,2023-11-05,Wireless Headphones,Electronics,South,Karthik Raj,7,4648.54,0.0,32539.78,22093.62,10446.16
ORD-91851,2023-11-07,Desk Lamp LED,Furniture,North,Rahul Nair,19,2424.09,0.0,46057.71,22697.25,23360.46
ORD-30788,2023-11-07,Standing Desk,Furniture,South,Arjun Kumar,1,22305.44,0.0,22305.44,12028.45,10276.99
ORD-87274,2023-11-07,USB Hub 7-Port,Electronics,East,Karthik Raj,16,1158.01,0.05,17601.75,11253.76,6347.99
ORD-13577,2023-11-07,Office Chair Ergo,Furniture,West,Karthik Raj,8,14554.12,0.0,116432.96,74876.45,41556.51
ORD-72688,2023-11-07,Office Chair Ergo,Furniture,East,Divya Menon,16,13608.58,0.0,217737.28,134128.14,83609.14
ORD-67271,2023-11-07,Desk Lamp LED,Furniture,South,Arjun Kumar,12,1945.34,0.0,23344.08,14944.41,8399.67
ORD-56627,2023-11-08,Desk Lamp LED,Furniture,North,Divya Menon,11,1392.82,0.15,13022.87,6668.42,6354.45
ORD-67954,2023-11-08,Mechanical Keyboard,Electronics,South,Vikram Das,19,4819.98,0.0,91579.62,51856.69,39722.93
ORD-35312,2023-11-08,Wireless Headphones,Electronics,South,Priya Sharma,4,4312.93,0.1,15526.55,8482.66,7043.89
ORD-93958,2023-11-08,Pen Set Premium,Stationery,West,Divya Menon,1,347.8,0.0,347.8,179.35,168.45
ORD-63131,2023-11-09,Office Chair Ergo,Furniture,West,Arjun Kumar,15,11246.32,0.0,168694.8,112780.87,55913.93
ORD-65374,2023-11-09,Wireless Headphones,Electronics,East,Rahul Nair,1,3846.04,0.0,3846.04,2173.89,1672.15
ORD-82140,2023-11-10,Desk Lamp LED,Furniture,East,Meera Iyer,18,1890.2,0.05,32322.42,22598.47,9723.95
ORD-38947,2023-11-11,Office Chair Ergo,Furniture,West,Karthik Raj,4,12470.98,0.0,49883.92,27031.4,22852.52
ORD-76965,2023-11-11,Pen Set Premium,Stationery,West,Priya Sharma,17,195.65,0.2,2660.84,1823.51,837.33
ORD-59074,2023-11-11,Notebook Pack,Stationery,South,Arjun Kumar,14,209.8,0.0,2937.2,1434.36,1502.84
ORD-57560,2023-11-12,Laptop Pro X1,Electronics,North,Arjun Kumar,8,93854.4,0.05,713293.44,376131.85,337161.59
ORD-37686,2023-11-12,Laptop Pro X1,Electronics,South,Vikram Das,20,86917.37,0.0,1738347.4,913249.22,825098.18
ORD-28405,2023-11-12,Standing Desk,Furniture,South,Karthik Raj,2,22551.73,0.0,45103.46,22303.71,22799.75
ORD-36267,2023-11-13,Office Chair Ergo,Furniture,East,Meera Iyer,13,9157.39,0.0,119046.07,73171.92,45874.15
ORD-98906,2023-11-13,Desk Lamp LED,Furniture,East,Karthik Raj,12,2461.35,0.1,26582.58,15859.43,10723.15
ORD-32361,2023-11-13,Standing Desk,Furniture,South,Karthik Raj,15,25517.77,0.0,382766.55,222649.78,160116.77
ORD-51614,2023-11-13,USB Hub 7-Port,Electronics,South,Vikram Das,5,1259.36,0.1,5667.12,3849.55,1817.57
ORD-55481,2023-11-13,Standing Desk,Furniture,North,Sneha Pillai,20,19475.54,0.2,311608.64,175671.53,135937.11
ORD-56789,2023-11-14,USB Hub 7-Port,Electronics,West,Meera Iyer,9,825.63,0.15,6316.07,3143.99,3172.08
ORD-57638,2023-11-14,Pen Set Premium,Stationery,West,Divya Menon,8,185.93,0.1,1338.7,688.78,649.92
ORD-14791,2023-11-14,Monitor 27inch,Electronics,South,Priya Sharma,17,24767.17,0.0,421041.89,211066.94,209974.95
ORD-34837,2023-11-14,Standing Desk,Furniture,East,Vikram Das,1,22990.65,0.05,21841.12,11887.75,9953.37
ORD-92090,2023-11-15,Wireless Headphones,Electronics,North,Arjun Kumar,16,3579.87,0.0,57277.92,34259.8,23018.12
ORD-75228,2023-11-16,Mechanical Keyboard,Electronics,North,Sneha Pillai,6,4770.32,0.0,28621.92,19321.45,9300.47
ORD-71432,2023-11-16,Standing Desk,Furniture,South,Priya Sharma,18,23503.12,0.0,423056.16,196838.28,226217.88
ORD-67817,2023-11-16,Standing Desk,Furniture,East,Divya Menon,7,21438.81,0.1,135064.5,71555.48,63509.02
ORD-55953,2023-11-17,Desk Lamp LED,Furniture,West,Rahul Nair,13,1462.79,0.2,15213.02,9536.27,5676.75
ORD-21086,2023-11-17,Wireless Headphones,Electronics,North,Priya Sharma,8,4862.17,0.0,38897.36,23098.39,15798.97
ORD-85909,2023-11-17,Notebook Pack,Stationery,North,Divya Menon,5,204.87,0.1,921.91,630.3,291.61
ORD-42207,2023-11-17,Notebook Pack,Stationery,North,Priya Sharma,15,337.07,0.0,5056.05,3384.75,1671.3
ORD-68482,2023-11-18,Monitor 27inch,Electronics,North,Karthik Raj,17,24104.01,0.0,409768.17,256135.33,153632.84
ORD-81393,2023-11-18,Monitor 27inch,Electronics,South,Divya Menon,12,27158.19,0.05,309603.37,147736.02,161867.35
ORD-26683,2023-11-18,Wireless Headphones,Electronics,East,Karthik Raj,14,3315.46,0.15,39453.97,20670.48,18783.49
ORD-39110,2023-11-19,Pen Set Premium,Stationery,East,Meera Iyer,6,396.1,0.1,2138.94,1112.39,1026.55
ORD-84041,2023-11-19,Pen Set Premium,Stationery,West,Arjun Kumar,5,306.22,0.0,1531.1,927.95,603.15
ORD-12816,2023-11-20,Pen Set Premium,Stationery,North,Rahul Nair,7,275.16,0.05,1829.81,1079.9,749.91
ORD-56346,2023-11-20,USB Hub 7-Port,Electronics,North,Divya Menon,19,1279.85,0.2,19453.72,13209.98,6243.74
ORD-76680,2023-11-21,Notebook Pack,Stationery,South,Divya Menon,3,439.94,0.0,1319.82,751.63,568.19
ORD-75239,2023-11-21,Mechanical Keyboard,Electronics,East,Rahul Nair,20,4687.9,0.1,84382.2,53354.54,31027.66
ORD-30413,2023-11-21,Monitor 27inch,Electronics,West,Divya Menon,16,19143.26,0.05,290977.55,133724.72,157252.83
ORD-64127,2023-11-21,Notebook Pack,Stationery,North,Karthik Raj,3,446.96,0.05,1273.84,723.25,550.59
ORD-26478,2023-11-21,Wireless Headphones,Electronics,West,Karthik Raj,17,4305.72,0.05,69537.38,47690.89,21846.49
ORD-86638,2023-11-22,Pen Set Premium,Stationery,East,Divya Menon,3,385.89,0.0,1157.67,746.68,410.99
ORD-42339,2023-11-22,Desk Lamp LED,Furniture,North,Rahul Nair,1,1482.78,0.0,1482.78,837.9,644.88
ORD-83615,2023-11-23,Laptop Pro X1,Electronics,East,Divya Menon,15,104861.42,0.0,1572921.3,1061227.97,511693.33
ORD-73728,2023-11-23,USB Hub 7-Port,Electronics,North,Arjun Kumar,12,1430.3,0.15,14589.06,10032.03,4557.03
ORD-96673,2023-11-23,Office Chair Ergo,Furniture,West,Meera Iyer,4,11652.35,0.0,46609.4,27707.95,18901.45
ORD-41584,2023-11-23,Notebook Pack,Stationery,West,Rahul Nair,10,312.94,0.2,2503.52,1463.26,1040.26
ORD-51409,2023-11-24,Monitor 27inch,Electronics,South,Divya Menon,4,21953.12,0.1,79031.23,52404.86,26626.37
ORD-30263,2023-11-24,USB Hub 7-Port,Electronics,West,Priya Sharma,10,1449.29,0.0,14492.9,8590.7,5902.2
ORD-83941,2023-11-25,Pen Set Premium,Stationery,South,Karthik Raj,4,208.07,0.05,790.67,423.23,367.44
ORD-37361,2023-11-26,Office Chair Ergo,Furniture,East,Arjun Kumar,3,9759.3,0.1,26350.11,16258.81,10091.3
ORD-52622,2023-11-26,Desk Lamp LED,Furniture,South,Priya Sharma,5,1557.52,0.15,6619.46,3947.46,2672.0
ORD-27635,2023-11-27,Monitor 27inch,Electronics,West,Priya Sharma,14,26433.1,0.0,370063.4,193620.2,176443.2
ORD-80458,2023-11-27,Notebook Pack,Stationery,South,Rahul Nair,3,257.35,0.2,617.64,334.9,282.74
ORD-99463,2023-11-27,Mechanical Keyboard,Electronics,East,Rahul Nair,19,5557.27,0.2,84470.5,45270.69,39199.81
ORD-95989,2023-11-28,Notebook Pack,Stationery,North,Karthik Raj,9,337.67,0.0,3039.03,1568.34,1470.69
ORD-73234,2023-11-28,Desk Lamp LED,Furniture,North,Karthik Raj,15,2051.02,0.1,27688.77,13412.17,14276.6
ORD-78982,2023-11-28,Laptop Pro X1,Electronics,North,Rahul Nair,19,109664.37,0.0,2083623.03,1341002.33,742620.7
ORD-23402,2023-11-28,Desk Lamp LED,Furniture,North,Arjun Kumar,5,1845.68,0.0,9228.4,4475.57,4752.83
ORD-59613,2023-11-28,Wireless Headphones,Electronics,East,Karthik Raj,19,3860.88,0.0,73356.72,39918.15,33438.57
ORD-52687,2023-11-28,Office Chair Ergo,Furniture,South,Vikram Das,6,13966.5,0.1,75419.1,46431.59,28987.51
ORD-17505,2023-11-29,Wireless Headphones,Electronics,East,Rahul Nair,14,4745.84,0.0,66441.76,35291.12,31150.64
ORD-17441,2023-11-29,Mechanical Keyboard,Electronics,East,Karthik Raj,7,3449.79,0.2,19318.82,9854.06,9464.76
ORD-31889,2023-11-30,Office Chair Ergo,Furniture,East,Arjun Kumar,17,11531.57,0.0,196036.69,107516.6,88520.09
ORD-19637,2023-11-30,Standing Desk,Furniture,North,Divya Menon,14,28438.64,0.05,378233.91,254491.39,123742.52
ORD-10403,2023-12-01,Pen Set Premium,Stationery,North,Arjun Kumar,6,307.54,0.2,1476.19,900.88,575.31
ORD-35477,2023-12-01,Standing Desk,Furniture,East,Meera Iyer,9,24659.95,0.1,199745.6,129525.93,70219.67
ORD-30002,2023-12-01,USB Hub 7-Port,Electronics,West,Divya Menon,19,1447.75,0.15,23381.16,15590.81,7790.35
ORD-38020,2023-12-01,Monitor 27inch,Electronics,South,Divya Menon,18,21950.64,0.05,375355.94,180246.29,195109.65
ORD-78743,2023-12-02,Notebook Pack,Stationery,North,Meera Iyer,17,457.51,0.2,6222.14,3659.47,2562.67
ORD-50441,2023-12-02,Desk Lamp LED,Furniture,East,Divya Menon,6,1847.75,0.1,9977.85,5654.49,4323.36
ORD-25292,2023-12-02,Desk Lamp LED,Furniture,South,Priya Sharma,15,2382.2,0.0,35733.0,21879.67,13853.33
ORD-32154,2023-12-03,Standing Desk,Furniture,West,Arjun Kumar,4,19558.53,0.15,66499.0,42077.52,24421.48
ORD-68328,2023-12-03,Standing Desk,Furniture,East,Divya Menon,15,21777.8,0.0,326667.0,203601.18,123065.82
ORD-45985,2023-12-04,Desk Lamp LED,Furniture,West,Divya Menon,14,1483.41,0.0,20767.74,10254.87,10512.87
ORD-94363,2023-12-04,Laptop Pro X1,Electronics,West,Sneha Pillai,19,89526.21,0.2,1360798.39,628920.96,731877.43
ORD-28102,2023-12-04,Pen Set Premium,Stationery,South,Divya Menon,5,295.26,0.15,1254.86,815.69,439.17
ORD-71000,2023-12-04,Mechanical Keyboard,Electronics,North,Karthik Raj,12,5078.31,0.0,60939.72,37596.55,23343.17
ORD-34323,2023-12-05,Wireless Headphones,Electronics,North,Arjun Kumar,5,2998.8,0.15,12744.9,8687.44,4057.46
ORD-70374,2023-12-05,Monitor 27inch,Electronics,West,Meera Iyer,2,24456.52,0.05,46467.39,22715.42,23751.97
ORD-51359,2023-12-05,Monitor 27inch,Electronics,West,Karthik Raj,10,20514.04,0.0,205140.4,129304.32,75836.08
ORD-93151,2023-12-06,Monitor 27inch,Electronics,East,Karthik Raj,15,26512.14,0.05,377797.99,175078.86,202719.13
ORD-14903,2023-12-06,Notebook Pack,Stationery,North,Rahul Nair,1,376.15,0.05,357.34,203.41,153.93
ORD-67947,2023-12-06,Mechanical Keyboard,Electronics,West,Karthik Raj,19,5000.66,0.2,76010.03,44945.33,31064.7
ORD-67290,2023-12-06,Notebook Pack,Stationery,South,Priya Sharma,17,423.64,0.0,7201.88,3337.52,3864.36
ORD-63260,2023-12-06,Office Chair Ergo,Furniture,South,Meera Iyer,3,8048.18,0.0,24144.54,14981.83,9162.71
ORD-81791,2023-12-07,Notebook Pack,Stationery,North,Rahul Nair,9,351.9,0.0,3167.1,1758.43,1408.67
ORD-79792,2023-12-08,Office Chair Ergo,Furniture,South,Vikram Das,14,11845.37,0.1,149251.66,87079.79,62171.87
ORD-31660,2023-12-08,Standing Desk,Furniture,West,Vikram Das,11,23494.61,0.05,245518.67,147422.48,98096.19
ORD-94179,2023-12-08,Standing Desk,Furniture,East,Karthik Raj,20,26971.8,0.0,539436.0,261662.86,277773.14
ORD-85701,2023-12-08,Pen Set Premium,Stationery,North,Priya Sharma,17,341.55,0.15,4935.4,2606.48,2328.92
ORD-63223,2023-12-08,Monitor 27inch,Electronics,South,Sneha Pillai,10,19012.98,0.15,161610.33,76378.35,85231.98
ORD-53724,2023-12-09,Mechanical Keyboard,Electronics,South,Priya Sharma,16,3715.08,0.0,59441.28,39120.05,20321.23
ORD-54657,2023-12-09,Notebook Pack,Stationery,South,Karthik Raj,7,227.85,0.1,1435.46,758.01,677.45
ORD-81141,2023-12-10,Wireless Headphones,Electronics,South,Meera Iyer,14,3432.8,0.1,43253.28,25896.73,17356.55
ORD-15530,2023-12-10,Desk Lamp LED,Furniture,East,Vikram Das,11,1410.96,0.05,14744.53,9864.48,4880.05
ORD-48125,2023-12-10,Notebook Pack,Stationery,East,Meera Iyer,10,386.57,0.0,3865.7,2095.5,1770.2
ORD-17850,2023-12-10,Laptop Pro X1,Electronics,West,Karthik Raj,4,92181.8,0.0,368727.2,204626.62,164100.58
ORD-24366,2023-12-11,USB Hub 7-Port,Electronics,West,Karthik Raj,16,1371.02,0.0,21936.32,11687.89,10248.43
ORD-11112,2023-12-11,Office Chair Ergo,Furniture,East,Vikram Das,3,8704.62,0.0,26113.86,16949.16,9164.7
ORD-76448,2023-12-12,Pen Set Premium,Stationery,West,Karthik Raj,2,392.69,0.0,785.38,503.27,282.11
ORD-50701,2023-12-12,Pen Set Premium,Stationery,East,Rahul Nair,6,230.69,0.0,1384.14,688.54,695.6
ORD-91811,2023-12-12,Laptop Pro X1,Electronics,East,Meera Iyer,3,96652.16,0.0,289956.48,139951.11,150005.37
ORD-98395,2023-12-13,Wireless Headphones,Electronics,West,Priya Sharma,5,4385.38,0.0,21926.9,14582.16,7344.74
ORD-87242,2023-12-13,Wireless Headphones,Electronics,West,Arjun Kumar,19,2808.05,0.05,50685.3,28604.1,22081.2
ORD-62642,2023-12-13,Wireless Headphones,Electronics,West,Arjun Kumar,5,4195.02,0.0,20975.1,11054.31,9920.79
ORD-20828,2023-12-14,Office Chair Ergo,Furniture,West,Meera Iyer,12,14470.17,0.1,156277.84,80745.66,75532.18
ORD-61111,2023-12-14,Pen Set Premium,Stationery,West,Arjun Kumar,13,293.68,0.0,3817.84,2313.31,1504.53
ORD-38885,2023-12-14,Pen Set Premium,Stationery,West,Arjun Kumar,16,179.07,0.0,2865.12,1563.41,1301.71
ORD-35415,2023-12-14,Standing Desk,Furniture,East,Rahul Nair,3,24125.8,0.0,72377.4,42170.78,30206.62
ORD-41615,2023-12-15,Standing Desk,Furniture,North,Priya Sharma,9,27493.19,0.1,222694.84,141768.52,80926.32
ORD-28245,2023-12-15,Desk Lamp LED,Furniture,West,Divya Menon,15,2250.94,0.0,33764.1,16050.93,17713.17
ORD-67498,2023-12-15,Wireless Headphones,Electronics,East,Divya Menon,14,4425.33,0.15,52661.43,29196.65,23464.78
ORD-59832,2023-12-15,Desk Lamp LED,Furniture,South,Priya Sharma,19,1678.06,0.2,25506.51,13476.19,12030.32
ORD-63636,2023-12-16,Monitor 27inch,Electronics,East,Sneha Pillai,4,18457.78,0.0,73831.12,42313.02,31518.1
ORD-23256,2023-12-16,Pen Set Premium,Stationery,South,Divya Menon,5,188.74,0.0,943.7,623.89,319.81
ORD-31061,2023-12-17,Mechanical Keyboard,Electronics,South,Divya Menon,12,5825.82,0.05,66414.35,37781.45,28632.9
ORD-25675,2023-12-17,Standing Desk,Furniture,East,Divya Menon,8,19801.06,0.1,142567.63,91885.35,50682.28
ORD-20515,2023-12-17,Notebook Pack,Stationery,East,Meera Iyer,12,339.11,0.2,3255.46,1490.79,1764.67
ORD-40107,2023-12-18,Standing Desk,Furniture,East,Rahul Nair,20,28866.94,0.1,519604.92,359844.05,159760.87
ORD-38257,2023-12-18,Laptop Pro X1,Electronics,South,Vikram Das,7,90971.02,0.15,541277.57,264911.81,276365.76
ORD-85483,2023-12-19,Laptop Pro X1,Electronics,West,Priya Sharma,12,115357.9,0.1,1245865.32,622608.15,623257.17
ORD-66418,2023-12-19,Mechanical Keyboard,Electronics,West,Arjun Kumar,16,5840.87,0.05,88781.22,46601.5,42179.72
ORD-64870,2023-12-19,USB Hub 7-Port,Electronics,West,Divya Menon,18,842.69,0.05,14410.0,9432.8,4977.2
ORD-13266,2023-12-19,Office Chair Ergo,Furniture,East,Meera Iyer,18,14828.26,0.1,240217.81,126208.02,114009.79
ORD-81943,2023-12-19,Wireless Headphones,Electronics,North,Vikram Das,5,4631.26,0.0,23156.3,12557.79,10598.51
ORD-51733,2023-12-19,Laptop Pro X1,Electronics,West,Priya Sharma,15,85419.96,0.15,1089104.49,673747.57,415356.92
ORD-96288,2023-12-20,Wireless Headphones,Electronics,North,Arjun Kumar,9,3473.9,0.2,25012.08,14367.04,10645.04
ORD-20104,2023-12-20,Pen Set Premium,Stationery,West,Arjun Kumar,17,370.51,0.05,5983.74,2940.42,3043.32
ORD-99954,2023-12-21,Wireless Headphones,Electronics,West,Arjun Kumar,6,3297.56,0.1,17806.82,10269.95,7536.87
ORD-35668,2023-12-21,Notebook Pack,Stationery,South,Divya Menon,13,312.26,0.15,3450.47,2411.39,1039.08
ORD-91922,2023-12-21,USB Hub 7-Port,Electronics,East,Priya Sharma,9,937.41,0.1,7593.02,3937.84,3655.18
ORD-21895,2023-12-22,Mechanical Keyboard,Electronics,South,Sneha Pillai,17,4654.83,0.15,67262.29,43624.56,23637.73
ORD-76043,2023-12-22,Monitor 27inch,Electronics,West,Priya Sharma,14,18677.08,0.05,248405.16,144308.67,104096.49
ORD-29350,2023-12-22,Notebook Pack,Stationery,South,Vikram Das,12,340.25,0.0,4083.0,2620.59,1462.41
ORD-79617,2023-12-23,Monitor 27inch,Electronics,West,Karthik Raj,20,27144.74,0.1,488605.32,239458.55,249146.77
ORD-85354,2023-12-23,Monitor 27inch,Electronics,East,Divya Menon,20,27630.57,0.05,524980.83,358261.86,166718.97
ORD-67431,2023-12-23,Mechanical Keyboard,Electronics,East,Meera Iyer,7,4563.34,0.0,31943.38,18177.08,13766.3
ORD-92578,2023-12-24,Pen Set Premium,Stationery,South,Karthik Raj,8,368.76,0.15,2507.57,1432.49,1075.08
ORD-30036,2023-12-24,Monitor 27inch,Electronics,South,Divya Menon,4,19464.44,0.0,77857.76,38413.05,39444.71
ORD-79349,2023-12-25,Office Chair Ergo,Furniture,West,Sneha Pillai,1,8709.36,0.05,8273.89,4131.87,4142.02
ORD-85007,2023-12-25,Monitor 27inch,Electronics,South,Karthik Raj,3,20850.69,0.05,59424.47,27478.63,31945.84
ORD-18585,2023-12-26,Laptop Pro X1,Electronics,South,Divya Menon,8,107682.9,0.1,775316.88,365356.79,409960.09
ORD-21759,2023-12-26,Standing Desk,Furniture,East,Arjun Kumar,6,26870.2,0.1,145099.08,67831.47,77267.61
ORD-92991,2023-12-26,Laptop Pro X1,Electronics,South,Rahul Nair,19,108007.06,0.0,2052134.14,996246.82,1055887.32
ORD-64474,2023-12-26,Mechanical Keyboard,Electronics,West,Priya Sharma,7,5183.56,0.05,34470.67,21902.04,12568.63
ORD-60747,2023-12-27,Monitor 27inch,Electronics,East,Divya Menon,17,20758.78,0.0,352899.26,214015.08,138884.18
ORD-66472,2023-12-27,Mechanical Keyboard,Electronics,North,Priya Sharma,12,4294.42,0.0,51533.04,28303.59,23229.45
ORD-39769,2023-12-27,Standing Desk,Furniture,East,Vikram Das,2,20858.04,0.0,41716.08,24910.94,16805.14
ORD-91309,2023-12-28,Office Chair Ergo,Furniture,West,Divya Menon,18,14614.59,0.15,223603.23,101640.39,121962.84
ORD-93440,2023-12-28,Monitor 27inch,Electronics,West,Vikram Das,16,24934.21,0.05,378999.99,227565.15,151434.84
ORD-11720,2023-12-28,USB Hub 7-Port,Electronics,South,Divya Menon,3,852.6,0.05,2429.91,1130.07,1299.84
ORD-21069,2023-12-30,Monitor 27inch,Electronics,East,Priya Sharma,14,27459.41,0.15,326766.98,171609.39,155157.59
ORD-41031,2023-12-30,Standing Desk,Furniture,South,Vikram Das,20,18089.16,0.05,343694.04,227422.68,116271.36
ORD-33882,2023-12-30,Mechanical Keyboard,Electronics,North,Arjun Kumar,4,5221.55,0.05,19841.89,9819.51,10022.38
ORD-27486,2024-01-01,Wireless Headphones,Electronics,East,Divya Menon,4,4428.75,0.15,15057.75,9624.46,5433.29
ORD-89233,2024-01-01,Wireless Headphones,Electronics,East,Priya Sharma,12,4808.3,0.0,57699.6,38883.57,18816.03
ORD-91351,2024-01-02,Standing Desk,Furniture,South,Priya Sharma,12,27361.39,0.2,262669.34,144886.92,117782.42
ORD-11262,2024-01-02,Standing Desk,Furniture,North,Divya Menon,12,22463.57,0.2,215650.27,113995.58,101654.69
ORD-29012,2024-01-03,Pen Set Premium,Stationery,West,Rahul Nair,2,235.86,0.2,377.38,262.54,114.84
ORD-98971,2024-01-04,Standing Desk,Furniture,North,Divya Menon,13,25664.81,0.0,333642.53,223302.28,110340.25
ORD-23055,2024-01-04,Wireless Headphones,Electronics,North,Karthik Raj,13,3077.92,0.05,38012.31,21938.24,16074.07
ORD-77844,2024-01-04,Pen Set Premium,Stationery,West,Vikram Das,1,331.58,0.0,331.58,198.6,132.98
ORD-62187,2024-01-05,USB Hub 7-Port,Electronics,East,Meera Iyer,18,890.84,0.0,16035.12,7479.37,8555.75
ORD-99282,2024-01-05,Standing Desk,Furniture,East,Sneha Pillai,15,24061.52,0.15,306784.38,208849.11,97935.27
ORD-63648,2024-01-05,Standing Desk,Furniture,South,Vikram Das,8,19655.93,0.05,149385.07,82662.58,66722.49
ORD-69889,2024-01-05,Notebook Pack,Stationery,West,Arjun Kumar,12,461.92,0.2,4434.43,2106.55,2327.88
ORD-94815,2024-01-06,Office Chair Ergo,Furniture,East,Meera Iyer,17,11488.74,0.2,156246.86,74189.69,82057.17
ORD-20077,2024-01-06,Notebook Pack,Stationery,North,Rahul Nair,15,484.65,0.0,7269.75,4078.22,3191.53
ORD-99610,2024-01-06,Notebook Pack,Stationery,West,Divya Menon,2,263.45,0.0,526.9,362.59,164.31
ORD-92009,2024-01-06,Standing Desk,Furniture,West,Priya Sharma,16,27545.3,0.05,418688.56,196111.21,222577.35
ORD-69600,2024-01-07,Wireless Headphones,Electronics,East,Sneha Pillai,2,3495.35,0.0,6990.7,4837.93,2152.77
ORD-98247,2024-01-07,Mechanical Keyboard,Electronics,East,Rahul Nair,19,4901.68,0.05,88475.32,55586.36,32888.96
ORD-37827,2024-01-07,Wireless Headphones,Electronics,North,Karthik Raj,11,3295.78,0.0,36253.58,17969.26,18284.32
ORD-10863,2024-01-08,Monitor 27inch,Electronics,South,Priya Sharma,7,22391.08,0.05,148900.68,95639.63,53261.05
ORD-72031,2024-01-08,Monitor 27inch,Electronics,North,Priya Sharma,6,25106.55,0.05,143107.33,73626.72,69480.61
ORD-23090,2024-01-09,Notebook Pack,Stationery,East,Meera Iyer,6,371.42,0.1,2005.67,1246.53,759.14
ORD-94939,2024-01-09,Office Chair Ergo,Furniture,East,Sneha Pillai,7,12691.23,0.15,75512.82,51663.13,23849.69
ORD-30644,2024-01-09,Wireless Headphones,Electronics,East,Vikram Das,19,2752.58,0.0,52299.02,27752.52,24546.5
ORD-19637,2024-01-10,Laptop Pro X1,Electronics,West,Arjun Kumar,19,104663.59,0.0,1988608.21,1169909.61,818698.6
ORD-56255,2024-01-10,Desk Lamp LED,Furniture,North,Karthik Raj,13,2464.48,0.0,32038.24,18553.12,13485.12
ORD-27865,2024-01-10,Notebook Pack,Stationery,East,Rahul Nair,10,203.17,0.1,1828.53,1195.58,632.95
ORD-93744,2024-01-11,Standing Desk,Furniture,North,Arjun Kumar,7,25868.99,0.2,144866.34,68085.62,76780.72
ORD-63992,2024-01-11,Monitor 27inch,Electronics,North,Sneha Pillai,13,18973.5,0.0,246655.5,172162.18,74493.32
ORD-16076,2024-01-11,Laptop Pro X1,Electronics,East,Divya Menon,16,117745.73,0.05,1789735.1,1000180.6,789554.5
ORD-96765,2024-01-11,Laptop Pro X1,Electronics,West,Karthik Raj,18,106809.72,0.1,1730317.46,1208921.0,521396.46
ORD-31241,2024-01-12,Desk Lamp LED,Furniture,West,Meera Iyer,10,2211.56,0.1,19904.04,11581.46,8322.58
ORD-52229,2024-01-13,Pen Set Premium,Stationery,West,Vikram Das,7,150.78,0.15,897.14,618.48,278.66
ORD-82655,2024-01-13,Mechanical Keyboard,Electronics,North,Priya Sharma,20,4782.24,0.05,90862.56,51398.94,39463.62
ORD-70550,2024-01-13,USB Hub 7-Port,Electronics,West,Divya Menon,4,1016.71,0.2,3253.47,1668.91,1584.56
ORD-22502,2024-01-14,Pen Set Premium,Stationery,North,Karthik Raj,11,185.94,0.15,1738.54,1206.47,532.07
ORD-75828,2024-01-15,Standing Desk,Furniture,West,Meera Iyer,6,23267.52,0.0,139605.12,90689.89,48915.23
ORD-65744,2024-01-15,Office Chair Ergo,Furniture,East,Sneha Pillai,12,13804.62,0.0,165655.44,93169.09,72486.35
ORD-87283,2024-01-16,Mechanical Keyboard,Electronics,East,Karthik Raj,10,4457.78,0.2,35662.24,17321.77,18340.47
ORD-60556,2024-01-17,Monitor 27inch,Electronics,South,Priya Sharma,13,22002.5,0.05,271730.88,140745.26,130985.62
ORD-99764,2024-01-17,Laptop Pro X1,Electronics,East,Karthik Raj,10,94812.13,0.05,900715.23,598578.14,302137.09
ORD-12790,2024-01-17,Office Chair Ergo,Furniture,North,Divya Menon,15,12549.36,0.05,178828.38,123080.64,55747.74
ORD-74488,2024-01-18,Laptop Pro X1,Electronics,West,Arjun Kumar,17,115557.83,0.0,1964483.11,1272070.34,692412.77
ORD-64166,2024-01-18,USB Hub 7-Port,Electronics,East,Meera Iyer,3,1479.61,0.15,3773.01,1872.84,1900.17
ORD-47707,2024-01-18,Office Chair Ergo,Furniture,North,Priya Sharma,2,9701.34,0.1,17462.41,11903.82,5558.59
ORD-93683,2024-01-18,Laptop Pro X1,Electronics,East,Meera Iyer,7,111260.9,0.0,778826.3,435273.86,343552.44
ORD-78719,2024-01-18,Laptop Pro X1,Electronics,South,Priya Sharma,10,109834.93,0.05,1043431.83,504929.66,538502.17
ORD-14206,2024-01-18,Office Chair Ergo,Furniture,West,Divya Menon,12,14828.89,0.0,177946.68,95018.69,82927.99
ORD-27431,2024-01-19,Notebook Pack,Stationery,West,Vikram Das,13,224.07,0.15,2475.97,1655.53,820.44
ORD-82704,2024-01-20,Standing Desk,Furniture,West,Rahul Nair,1,22353.81,0.0,22353.81,12059.25,10294.56
ORD-68861,2024-01-22,Pen Set Premium,Stationery,South,Rahul Nair,17,309.12,0.2,4204.03,2364.69,1839.34
ORD-43425,2024-01-22,Laptop Pro X1,Electronics,West,Karthik Raj,18,94248.39,0.0,1696471.02,1011090.81,685380.21
ORD-63841,2024-01-22,Pen Set Premium,Stationery,East,Divya Menon,8,292.95,0.0,2343.6,1556.16,787.44
ORD-83307,2024-01-22,Office Chair Ergo,Furniture,South,Vikram Das,20,8391.98,0.05,159447.62,79073.81,80373.81
ORD-98488,2024-01-22,Desk Lamp LED,Furniture,West,Sneha Pillai,19,1327.04,0.05,23953.07,11378.05,12575.02
ORD-18487,2024-01-23,Pen Set Premium,Stationery,South,Meera Iyer,6,271.0,0.05,1544.7,700.61,844.09
ORD-80642,2024-01-24,Office Chair Ergo,Furniture,North,Sneha Pillai,20,9671.51,0.15,164415.67,76590.65,87825.02
ORD-71306,2024-01-24,Wireless Headphones,Electronics,South,Vikram Das,8,4562.92,0.15,31027.86,16427.36,14600.5
ORD-12867,2024-01-24,Desk Lamp LED,Furniture,West,Arjun Kumar,19,1517.29,0.15,24504.23,11423.23,13081.0
ORD-65255,2024-01-24,Monitor 27inch,Electronics,South,Meera Iyer,11,21375.01,0.05,223368.85,116054.45,107314.4
ORD-80284,2024-01-25,Wireless Headphones,Electronics,East,Sneha Pillai,20,3161.3,0.0,63226.0,39986.21,23239.79
ORD-64921,2024-01-25,Pen Set Premium,Stationery,North,Sneha Pillai,10,338.37,0.2,2706.96,1821.54,885.42
ORD-12456,2024-01-25,USB Hub 7-Port,Electronics,South,Sneha Pillai,3,1077.95,0.15,2748.77,1266.02,1482.75
ORD-26338,2024-01-25,Laptop Pro X1,Electronics,West,Meera Iyer,13,91952.32,0.2,956304.13,521306.46,434997.67
ORD-45976,2024-01-26,Desk Lamp LED,Furniture,East,Karthik Raj,10,1228.52,0.2,9828.16,6039.97,3788.19
ORD-24996,2024-01-26,Desk Lamp LED,Furniture,East,Meera Iyer,17,1987.05,0.0,33779.85,21898.6,11881.25
ORD-20986,2024-01-26,Monitor 27inch,Electronics,North,Vikram Das,5,20545.18,0.2,82180.72,41758.34,40422.38
ORD-14392,2024-01-26,Laptop Pro X1,Electronics,North,Divya Menon,13,111992.89,0.05,1383112.19,707863.75,675248.44
ORD-43496,2024-01-27,Mechanical Keyboard,Electronics,North,Priya Sharma,4,4625.34,0.0,18501.36,8991.82,9509.54
ORD-19096,2024-01-27,Notebook Pack,Stationery,East,Arjun Kumar,9,486.68,0.0,4380.12,2165.89,2214.23
ORD-89346,2024-01-27,USB Hub 7-Port,Electronics,South,Vikram Das,8,1201.03,0.05,9127.83,6322.25,2805.58
ORD-99764,2024-01-28,USB Hub 7-Port,Electronics,North,Vikram Das,19,1234.16,0.0,23449.04,16116.07,7332.97
ORD-94182,2024-01-28,Standing Desk,Furniture,West,Rahul Nair,7,24933.09,0.2,139625.3,74876.71,64748.59
ORD-45353,2024-01-28,Standing Desk,Furniture,North,Rahul Nair,3,24854.88,0.1,67108.18,46617.91,20490.27
ORD-10609,2024-01-28,Standing Desk,Furniture,North,Karthik Raj,1,25724.0,0.2,20579.2,12222.8,8356.4
ORD-75300,2024-01-29,Mechanical Keyboard,Electronics,North,Sneha Pillai,3,5867.14,0.0,17601.42,10721.38,6880.04
ORD-14564,2024-01-29,Office Chair Ergo,Furniture,West,Rahul Nair,10,10177.64,0.15,86509.94,56691.59,29818.35
ORD-84135,2024-01-29,Pen Set Premium,Stationery,East,Priya Sharma,14,371.25,0.0,5197.5,2838.91,2358.59
ORD-38036,2024-01-30,Pen Set Premium,Stationery,East,Karthik Raj,17,229.24,0.0,3897.08,2614.24,1282.84
ORD-42231,2024-01-30,Wireless Headphones,Electronics,East,Priya Sharma,11,4998.6,0.05,52235.37,34294.27,17941.1
ORD-68002,2024-01-31,Pen Set Premium,Stationery,South,Divya Menon,4,361.82,0.05,1374.92,863.6,511.32
ORD-22672,2024-01-31,USB Hub 7-Port,Electronics,West,Karthik Raj,20,1276.28,0.0,25525.6,12307.57,13218.03
ORD-33004,2024-01-31,Office Chair Ergo,Furniture,West,Priya Sharma,11,14582.16,0.0,160403.76,76189.61,84214.15
ORD-70956,2024-02-01,Office Chair Ergo,Furniture,East,Vikram Das,12,9306.08,0.0,111672.96,57603.59,54069.37
ORD-24478,2024-02-01,Standing Desk,Furniture,West,Rahul Nair,20,21397.55,0.05,406553.45,248089.48,158463.97
ORD-56802,2024-02-01,Mechanical Keyboard,Electronics,East,Karthik Raj,14,4110.69,0.0,57549.66,30503.55,27046.11
ORD-56551,2024-02-01,Notebook Pack,Stationery,West,Meera Iyer,5,454.18,0.0,2270.9,1076.33,1194.57
ORD-95841,2024-02-02,Pen Set Premium,Stationery,East,Vikram Das,19,335.57,0.0,6375.83,4280.44,2095.39
ORD-34426,2024-02-02,Pen Set Premium,Stationery,East,Vikram Das,3,339.12,0.2,813.89,441.18,372.71
ORD-22119,2024-02-02,Standing Desk,Furniture,East,Divya Menon,11,25760.47,0.05,269196.91,178150.03,91046.88
ORD-65592,2024-02-03,Desk Lamp LED,Furniture,East,Sneha Pillai,13,1226.64,0.05,15149.0,9559.69,5589.31
ORD-44483,2024-02-03,Laptop Pro X1,Electronics,North,Rahul Nair,16,117405.16,0.05,1784558.43,842374.35,942184.08
ORD-70225,2024-02-04,USB Hub 7-Port,Electronics,North,Rahul Nair,5,1046.31,0.15,4446.82,2627.12,1819.7
ORD-36442,2024-02-04,Mechanical Keyboard,Electronics,West,Arjun Kumar,20,3014.0,0.2,48224.0,26250.68,21973.32
ORD-82845,2024-02-04,Mechanical Keyboard,Electronics,West,Karthik Raj,14,5089.77,0.15,60568.26,42328.47,18239.79
ORD-81659,2024-02-05,Laptop Pro X1,Electronics,North,Karthik Raj,13,101930.18,0.0,1325092.34,868025.24,457067.1
ORD-39662,2024-02-05,Office Chair Ergo,Furniture,West,Vikram Das,19,9353.6,0.2,142174.72,76433.39,65741.33
ORD-37063,2024-02-05,Office Chair Ergo,Furniture,North,Rahul Nair,18,10928.89,0.15,167212.02,78119.91,89092.11
ORD-47653,2024-02-06,Desk Lamp LED,Furniture,East,Meera Iyer,10,1325.49,0.0,13254.9,9155.55,4099.35
ORD-55564,2024-02-06,Notebook Pack,Stationery,North,Divya Menon,9,348.55,0.0,3136.95,2027.82,1109.13
ORD-56064,2024-02-06,Office Chair Ergo,Furniture,East,Sneha Pillai,15,11412.55,0.0,171188.25,97377.63,73810.62
ORD-97852,2024-02-07,Laptop Pro X1,Electronics,North,Vikram Das,10,95988.12,0.15,815899.02,459962.69,355936.33
ORD-18748,2024-02-07,Laptop Pro X1,Electronics,South,Rahul Nair,9,115889.45,0.1,938704.54,490916.56,447787.98
ORD-22202,2024-02-07,Pen Set Premium,Stationery,South,Karthik Raj,14,243.79,0.0,3413.06,2076.53,1336.53
ORD-17123,2024-02-07,Office Chair Ergo,Furniture,West,Arjun Kumar,15,13652.37,0.2,163828.44,94938.92,68889.52
ORD-82174,2024-02-07,Laptop Pro X1,Electronics,North,Divya Menon,9,117473.2,0.05,1004395.86,686693.15,317702.71
ORD-63296,2024-02-08,Pen Set Premium,Stationery,North,Meera Iyer,16,210.13,0.1,3025.87,1931.32,1094.55
ORD-72242,2024-02-08,Monitor 27inch,Electronics,West,Vikram Das,13,22351.9,0.0,290574.7,178884.15,111690.55
ORD-15276,2024-02-08,Monitor 27inch,Electronics,East,Sneha Pillai,5,19990.58,0.1,89957.61,49507.88,40449.73
ORD-51720,2024-02-09,Wireless Headphones,Electronics,South,Karthik Raj,14,3027.13,0.1,38141.84,26293.24,11848.6
ORD-26688,2024-02-09,Laptop Pro X1,Electronics,South,Sneha Pillai,13,100743.99,0.2,1047737.5,698562.06,349175.44
ORD-64646,2024-02-09,Mechanical Keyboard,Electronics,West,Vikram Das,15,5067.05,0.05,72205.46,45700.95,26504.51
ORD-33791,2024-02-09,Office Chair Ergo,Furniture,West,Divya Menon,14,10580.48,0.05,140720.38,66620.23,74100.15
ORD-41399,2024-02-09,Standing Desk,Furniture,South,Vikram Das,13,20647.11,0.0,268412.43,149119.17,119293.26
ORD-24331,2024-02-09,Standing Desk,Furniture,North,Meera Iyer,7,19525.38,0.0,136677.66,77528.93,59148.73
ORD-63004,2024-02-10,USB Hub 7-Port,Electronics,North,Karthik Raj,9,1374.06,0.0,12366.54,5661.04,6705.5
ORD-58311,2024-02-11,USB Hub 7-Port,Electronics,East,Priya Sharma,13,809.74,0.1,9473.96,4556.0,4917.96
ORD-61097,2024-02-11,USB Hub 7-Port,Electronics,North,Priya Sharma,9,1232.67,0.0,11094.03,6808.5,4285.53
ORD-50193,2024-02-11,Standing Desk,Furniture,West,Meera Iyer,6,22442.56,0.1,121189.82,69192.12,51997.7
ORD-61150,2024-02-12,Pen Set Premium,Stationery,North,Rahul Nair,15,337.68,0.05,4811.94,2842.05,1969.89
ORD-49612,2024-02-12,Desk Lamp LED,Furniture,North,Divya Menon,14,1415.57,0.05,18827.08,9662.39,9164.69
ORD-51259,2024-02-12,Monitor 27inch,Electronics,West,Rahul Nair,11,25452.81,0.15,237983.77,132220.71,105763.06
ORD-22763,2024-02-12,USB Hub 7-Port,Electronics,South,Sneha Pillai,13,1307.98,0.0,17003.74,10638.63,6365.11
ORD-52268,2024-02-13,Wireless Headphones,Electronics,East,Karthik Raj,20,3276.84,0.1,58983.12,32968.85,26014.27
ORD-42495,2024-02-13,Office Chair Ergo,Furniture,East,Priya Sharma,11,9692.17,0.0,106613.87,55105.29,51508.58
ORD-22950,2024-02-13,Notebook Pack,Stationery,North,Divya Menon,19,254.22,0.15,4105.65,2818.48,1287.17
ORD-30006,2024-02-13,Notebook Pack,Stationery,North,Sneha Pillai,14,293.76,0.0,4112.64,2235.53,1877.11
ORD-69582,2024-02-14,Wireless Headphones,Electronics,East,Meera Iyer,20,2617.68,0.0,52353.6,32674.63,19678.97
ORD-95089,2024-02-15,Standing Desk,Furniture,East,Sneha Pillai,19,18986.78,0.0,360748.82,184848.02,175900.8
ORD-11161,2024-02-15,Desk Lamp LED,Furniture,East,Divya Menon,6,1204.68,0.1,6505.27,3281.6,3223.67
ORD-15975,2024-02-16,Monitor 27inch,Electronics,North,Rahul Nair,11,26364.27,0.2,232005.58,116770.26,115235.32
ORD-25515,2024-02-17,Monitor 27inch,Electronics,South,Vikram Das,8,18995.78,0.2,121572.99,58547.43,63025.56
ORD-18768,2024-02-17,Standing Desk,Furniture,South,Divya Menon,20,25649.87,0.2,410397.92,244838.73,165559.19
ORD-22208,2024-02-17,USB Hub 7-Port,Electronics,East,Sneha Pillai,15,1465.18,0.0,21977.7,13087.48,8890.22
ORD-25886,2024-02-18,Wireless Headphones,Electronics,South,Arjun Kumar,13,4885.39,0.2,50808.06,32769.04,18039.02
ORD-99040,2024-02-18,Wireless Headphones,Electronics,North,Arjun Kumar,6,3079.26,0.15,15704.23,7483.93,8220.3
ORD-97614,2024-02-18,Laptop Pro X1,Electronics,North,Priya Sharma,8,116457.15,0.0,931657.2,607838.81,323818.39
ORD-40263,2024-02-18,Standing Desk,Furniture,South,Sneha Pillai,12,22861.23,0.0,274334.76,172483.44,101851.32
ORD-21551,2024-02-19,Laptop Pro X1,Electronics,East,Rahul Nair,20,101103.39,0.15,1718757.63,1168656.25,550101.38
ORD-93665,2024-02-19,Notebook Pack,Stationery,North,Divya Menon,11,417.96,0.0,4597.56,2857.75,1739.81
ORD-76507,2024-02-19,Pen Set Premium,Stationery,South,Meera Iyer,11,189.01,0.15,1767.24,1036.55,730.69
ORD-39829,2024-02-20,Desk Lamp LED,Furniture,North,Meera Iyer,17,2486.06,0.0,42263.02,28162.66,14100.36
ORD-59068,2024-02-20,Pen Set Premium,Stationery,South,Sneha Pillai,5,296.78,0.1,1335.51,705.92,629.59
ORD-20919,2024-02-21,Monitor 27inch,Electronics,South,Sneha Pillai,9,23523.83,0.05,201128.75,104669.47,96459.28
ORD-65184,2024-02-22,Desk Lamp LED,Furniture,South,Karthik Raj,10,1644.04,0.0,16440.4,7733.18,8707.22
ORD-58979,2024-02-23,Desk Lamp LED,Furniture,South,Meera Iyer,12,1866.22,0.1,20155.18,13866.99,6288.19
ORD-84471,2024-02-24,Office Chair Ergo,Furniture,North,Karthik Raj,9,11923.92,0.0,107315.28,57452.64,49862.64
ORD-89327,2024-02-24,Monitor 27inch,Electronics,North,Sneha Pillai,18,23056.43,0.0,415015.74,254542.63,160473.11
ORD-77143,2024-02-25,Notebook Pack,Stationery,West,Meera Iyer,2,449.5,0.0,899.0,609.74,289.26
ORD-65981,2024-02-26,Monitor 27inch,Electronics,North,Priya Sharma,17,23828.79,0.1,364580.49,189369.48,175211.01
ORD-67482,2024-02-27,USB Hub 7-Port,Electronics,North,Arjun Kumar,8,1368.84,0.0,10950.72,5082.93,5867.79
ORD-49953,2024-02-28,Notebook Pack,Stationery,East,Sneha Pillai,7,296.22,0.1,1866.19,1145.57,720.62
ORD-34215,2024-02-28,Notebook Pack,Stationery,East,Meera Iyer,9,245.59,0.0,2210.31,1053.64,1156.67
ORD-75188,2024-02-29,Wireless Headphones,Electronics,South,Arjun Kumar,8,4220.99,0.0,33767.92,19182.48,14585.44
ORD-60425,2024-03-01,Pen Set Premium,Stationery,West,Rahul Nair,15,277.35,0.1,3744.22,2452.53,1291.69
ORD-88561,2024-03-01,Pen Set Premium,Stationery,West,Divya Menon,15,287.82,0.05,4101.44,2041.09,2060.35
ORD-85821,2024-03-02,Desk Lamp LED,Furniture,East,Arjun Kumar,20,1816.97,0.15,30888.49,19945.5,10942.99
ORD-76535,2024-03-02,Office Chair Ergo,Furniture,North,Sneha Pillai,3,14673.83,0.1,39619.34,22853.7,16765.64
ORD-80769,2024-03-02,Wireless Headphones,Electronics,South,Arjun Kumar,13,2635.32,0.1,30833.24,14192.4,16640.84
ORD-75444,2024-03-03,Mechanical Keyboard,Electronics,South,Divya Menon,11,3690.06,0.1,36531.59,24050.23,12481.36
ORD-23709,2024-03-03,Laptop Pro X1,Electronics,North,Sneha Pillai,11,113007.3,0.0,1243080.3,664171.53,578908.77
ORD-14823,2024-03-04,Standing Desk,Furniture,East,Sneha Pillai,7,20888.18,0.0,146217.26,91504.03,54713.23
ORD-20208,2024-03-05,Standing Desk,Furniture,East,Divya Menon,14,28990.26,0.0,405863.64,210162.07,195701.57
ORD-96587,2024-03-05,Pen Set Premium,Stationery,East,Divya Menon,14,178.95,0.05,2380.03,1640.03,740.0
ORD-65685,2024-03-05,Desk Lamp LED,Furniture,East,Arjun Kumar,16,1451.44,0.0,23223.04,14703.78,8519.26
ORD-59063,2024-03-06,Wireless Headphones,Electronics,North,Karthik Raj,4,2593.55,0.15,8818.07,4128.8,4689.27
ORD-87110,2024-03-06,Wireless Headphones,Electronics,East,Karthik Raj,2,2842.23,0.0,5684.46,3906.62,1777.84
ORD-52730,2024-03-07,Notebook Pack,Stationery,West,Meera Iyer,15,485.71,0.05,6921.37,3743.7,3177.67
ORD-95591,2024-03-07,Desk Lamp LED,Furniture,West,Priya Sharma,3,1410.6,0.0,4231.8,2235.96,1995.84
ORD-26033,2024-03-07,Laptop Pro X1,Electronics,East,Karthik Raj,7,91407.7,0.15,543875.82,311204.88,232670.94
ORD-14885,2024-03-07,Notebook Pack,Stationery,North,Sneha Pillai,15,455.67,0.1,6151.55,4096.03,2055.52
ORD-24293,2024-03-07,USB Hub 7-Port,Electronics,North,Priya Sharma,16,1113.79,0.0,17820.64,10305.85,7514.79
ORD-16256,2024-03-08,USB Hub 7-Port,Electronics,North,Arjun Kumar,12,981.83,0.1,10603.76,5711.38,4892.38
ORD-42737,2024-03-08,Pen Set Premium,Stationery,West,Rahul Nair,12,392.43,0.0,4709.16,3195.22,1513.94
ORD-48456,2024-03-09,Laptop Pro X1,Electronics,South,Karthik Raj,2,118117.51,0.1,212611.52,143758.32,68853.2
ORD-64827,2024-03-09,Notebook Pack,Stationery,North,Meera Iyer,20,343.77,0.05,6531.63,3811.81,2719.82
ORD-49103,2024-03-09,Mechanical Keyboard,Electronics,East,Rahul Nair,3,3425.21,0.0,10275.63,5664.62,4611.01
ORD-53478,2024-03-10,Wireless Headphones,Electronics,South,Vikram Das,3,4367.23,0.0,13101.69,5973.56,7128.13
ORD-96628,2024-03-10,Wireless Headphones,Electronics,West,Rahul Nair,18,3234.42,0.0,58219.56,27364.2,30855.36
ORD-59454,2024-03-11,Pen Set Premium,Stationery,East,Karthik Raj,17,340.0,0.0,5780.0,3410.41,2369.59
ORD-48672,2024-03-11,Notebook Pack,Stationery,South,Sneha Pillai,9,365.17,0.0,3286.53,2096.5,1190.03
ORD-93009,2024-03-12,Laptop Pro X1,Electronics,South,Priya Sharma,2,98312.34,0.1,176962.21,93190.33,83771.88
ORD-83564,2024-03-12,Notebook Pack,Stationery,West,Vikram Das,3,347.14,0.05,989.35,471.01,518.34
ORD-89077,2024-03-12,Desk Lamp LED,Furniture,South,Meera Iyer,10,1492.02,0.0,14920.2,7044.47,7875.73
ORD-11545,2024-03-12,Standing Desk,Furniture,West,Vikram Das,4,26691.68,0.0,106766.72,67443.59,39323.13
ORD-44800,2024-03-13,USB Hub 7-Port,Electronics,East,Divya Menon,1,1493.72,0.0,1493.72,992.89,500.83
ORD-21915,2024-03-14,Desk Lamp LED,Furniture,West,Sneha Pillai,8,2496.52,0.0,19972.16,11531.56,8440.6
ORD-78084,2024-03-15,Wireless Headphones,Electronics,North,Arjun Kumar,7,3692.02,0.0,25844.14,15465.65,10378.49
ORD-58196,2024-03-16,Notebook Pack,Stationery,South,Priya Sharma,15,235.4,0.1,3177.9,2210.65,967.25
ORD-12142,2024-03-16,Laptop Pro X1,Electronics,North,Karthik Raj,18,113504.86,0.1,1838778.73,1259525.23,579253.5
ORD-15229,2024-03-16,Office Chair Ergo,Furniture,North,Karthik Raj,12,14292.87,0.2,137211.55,95094.34,42117.21
ORD-29975,2024-03-17,Laptop Pro X1,Electronics,West,Divya Menon,7,119895.33,0.1,755340.58,354065.57,401275.01
ORD-35712,2024-03-17,Pen Set Premium,Stationery,East,Divya Menon,1,382.81,0.0,382.81,246.3,136.51
ORD-80463,2024-03-17,Notebook Pack,Stationery,North,Karthik Raj,18,423.22,0.0,7617.96,4142.81,3475.15
ORD-85395,2024-03-17,Mechanical Keyboard,Electronics,West,Meera Iyer,5,4951.33,0.0,24756.65,12264.9,12491.75
ORD-85260,2024-03-17,Notebook Pack,Stationery,East,Divya Menon,6,398.78,0.0,2392.68,1518.97,873.71
ORD-15697,2024-03-18,Notebook Pack,Stationery,East,Priya Sharma,17,339.98,0.0,5779.66,3348.24,2431.42
ORD-39552,2024-03-19,USB Hub 7-Port,Electronics,North,Priya Sharma,17,907.11,0.0,15420.87,7563.81,7857.06
ORD-34530,2024-03-19,Notebook Pack,Stationery,West,Arjun Kumar,13,404.96,0.0,5264.48,2834.85,2429.63
ORD-29079,2024-03-19,Desk Lamp LED,Furniture,North,Vikram Das,3,1930.19,0.15,4921.98,3312.06,1609.92
ORD-85396,2024-03-19,Wireless Headphones,Electronics,North,Divya Menon,4,3048.95,0.0,12195.8,8217.1,3978.7
ORD-90335,2024-03-19,Standing Desk,Furniture,West,Sneha Pillai,13,19783.85,0.2,205752.04,121308.53,84443.51
ORD-47672,2024-03-20,Notebook Pack,Stationery,North,Priya Sharma,18,316.43,0.15,4841.38,3307.23,1534.15
ORD-94883,2024-03-20,Notebook Pack,Stationery,North,Arjun Kumar,17,302.52,0.05,4885.7,3024.79,1860.91
ORD-47081,2024-03-20,Monitor 27inch,Electronics,West,Rahul Nair,11,24130.82,0.2,212351.22,97391.38,114959.84
ORD-62873,2024-03-20,Office Chair Ergo,Furniture,East,Meera Iyer,12,13250.81,0.0,159009.72,109243.03,49766.69
ORD-16722,2024-03-20,Pen Set Premium,Stationery,East,Sneha Pillai,17,225.14,0.15,3253.27,2270.22,983.05
ORD-69802,2024-03-21,USB Hub 7-Port,Electronics,West,Divya Menon,2,1000.56,0.0,2001.12,1199.7,801.42
ORD-50352,2024-03-21,USB Hub 7-Port,Electronics,East,Sneha Pillai,16,1177.77,0.2,15075.46,7121.47,7953.99
ORD-42321,2024-03-21,Mechanical Keyboard,Electronics,West,Karthik Raj,16,5348.0,0.0,85568.0,43889.96,41678.04
ORD-21484,2024-03-22,Notebook Pack,Stationery,East,Vikram Das,10,410.63,0.2,3285.04,1559.76,1725.28
ORD-76010,2024-03-22,Desk Lamp LED,Furniture,East,Meera Iyer,5,1774.63,0.2,7098.52,3267.19,3831.33
ORD-10221,2024-03-22,Desk Lamp LED,Furniture,North,Vikram Das,19,1447.1,0.0,27494.9,17244.7,10250.2
ORD-50668,2024-03-23,Wireless Headphones,Electronics,South,Vikram Das,19,3501.12,0.0,66521.28,36516.3,30004.98
ORD-39260,2024-03-23,Pen Set Premium,Stationery,East,Rahul Nair,18,323.39,0.1,5238.92,3388.26,1850.66
ORD-67958,2024-03-23,USB Hub 7-Port,Electronics,East,Sneha Pillai,1,1149.32,0.1,1034.39,565.79,468.6
ORD-28965,2024-03-24,Office Chair Ergo,Furniture,North,Divya Menon,16,10692.07,0.1,153965.81,88903.62,65062.19
ORD-28411,2024-03-24,Standing Desk,Furniture,East,Karthik Raj,18,24372.33,0.0,438701.94,273044.81,165657.13
ORD-33228,2024-03-24,Standing Desk,Furniture,West,Divya Menon,18,20916.35,0.0,376494.3,249246.39,127247.91
ORD-85426,2024-03-25,Notebook Pack,Stationery,South,Vikram Das,6,454.37,0.1,2453.6,1349.24,1104.36
ORD-51482,2024-03-26,Notebook Pack,Stationery,East,Arjun Kumar,16,360.04,0.15,4896.54,3364.79,1531.75
ORD-54535,2024-03-27,Desk Lamp LED,Furniture,South,Meera Iyer,1,2461.39,0.15,2092.18,1237.93,854.25
ORD-37215,2024-03-28,Wireless Headphones,Electronics,North,Divya Menon,18,3195.28,0.15,48887.78,28813.83,20073.95
ORD-43260,2024-03-28,Monitor 27inch,Electronics,South,Arjun Kumar,19,21103.91,0.0,400974.29,271764.41,129209.88
ORD-92723,2024-03-29,Standing Desk,Furniture,West,Arjun Kumar,9,27054.72,0.1,219143.23,113447.34,105695.89
ORD-28827,2024-03-29,Mechanical Keyboard,Electronics,South,Vikram Das,14,3418.7,0.1,43075.62,25823.14,17252.48
ORD-50027,2024-03-29,Monitor 27inch,Electronics,South,Divya Menon,4,25628.53,0.0,102514.12,54004.45,48509.67
ORD-40982,2024-03-29,USB Hub 7-Port,Electronics,North,Arjun Kumar,18,1385.22,0.0,24933.96,16994.78,7939.18
ORD-78632,2024-03-30,USB Hub 7-Port,Electronics,North,Meera Iyer,17,907.85,0.0,15433.45,10508.78,4924.67
ORD-65850,2024-03-31,USB Hub 7-Port,Electronics,East,Divya Menon,19,828.8,0.1,14172.48,8578.34,5594.14
ORD-46780,2024-04-01,Monitor 27inch,Electronics,East,Meera Iyer,18,19088.33,0.15,292051.45,175714.77,116336.68
ORD-29871,2024-04-01,Laptop Pro X1,Electronics,West,Rahul Nair,1,117651.28,0.15,100003.59,54764.06,45239.53
ORD-66980,2024-04-02,Standing Desk,Furniture,South,Sneha Pillai,10,24843.32,0.15,211168.22,111103.53,100064.69
ORD-66595,2024-04-04,Notebook Pack,Stationery,East,Arjun Kumar,4,475.31,0.15,1616.05,870.17,745.88
ORD-77763,2024-04-04,Notebook Pack,Stationery,East,Meera Iyer,12,386.53,0.0,4638.36,2513.95,2124.41
ORD-70820,2024-04-05,Office Chair Ergo,Furniture,South,Vikram Das,10,8023.36,0.2,64186.88,34244.58,29942.3
ORD-89174,2024-04-05,Desk Lamp LED,Furniture,East,Sneha Pillai,6,1474.39,0.0,8846.34,5632.97,3213.37
ORD-44782,2024-04-05,Mechanical Keyboard,Electronics,East,Arjun Kumar,8,5005.3,0.1,36038.16,18506.87,17531.29
ORD-41845,2024-04-05,Wireless Headphones,Electronics,East,Priya Sharma,1,4526.89,0.2,3621.51,2319.63,1301.88
ORD-94554,2024-04-05,Office Chair Ergo,Furniture,North,Karthik Raj,19,10868.66,0.1,185854.09,122045.1,63808.99
ORD-20155,2024-04-05,Mechanical Keyboard,Electronics,South,Karthik Raj,17,4453.79,0.0,75714.43,39269.24,36445.19
ORD-11268,2024-04-05,USB Hub 7-Port,Electronics,North,Sneha Pillai,5,1204.26,0.0,6021.3,3169.57,2851.73
ORD-13239,2024-04-06,Pen Set Premium,Stationery,West,Vikram Das,12,351.13,0.0,4213.56,2183.7,2029.86
ORD-20494,2024-04-06,Notebook Pack,Stationery,South,Rahul Nair,1,237.51,0.0,237.51,146.19,91.32
ORD-17972,2024-04-07,USB Hub 7-Port,Electronics,South,Arjun Kumar,17,1011.14,0.15,14610.97,10096.28,4514.69
ORD-11567,2024-04-08,USB Hub 7-Port,Electronics,South,Priya Sharma,15,871.34,0.2,10456.08,5070.66,5385.42
ORD-64464,2024-04-08,Standing Desk,Furniture,North,Sneha Pillai,1,29851.95,0.0,29851.95,18274.74,11577.21
ORD-52799,2024-04-09,Mechanical Keyboard,Electronics,South,Rahul Nair,11,5868.32,0.0,64551.52,29894.19,34657.33
ORD-19464,2024-04-09,Office Chair Ergo,Furniture,South,Arjun Kumar,17,13599.55,0.05,219632.73,106761.03,112871.7
ORD-18177,2024-04-09,Mechanical Keyboard,Electronics,West,Sneha Pillai,9,3485.9,0.0,31373.1,16292.74,15080.36
ORD-93505,2024-04-10,Pen Set Premium,Stationery,South,Meera Iyer,18,369.86,0.0,6657.48,3236.21,3421.27
ORD-93115,2024-04-10,Laptop Pro X1,Electronics,West,Vikram Das,14,111997.59,0.0,1567966.26,872173.86,695792.4
ORD-27047,2024-04-10,Wireless Headphones,Electronics,South,Vikram Das,14,2704.87,0.0,37868.18,21063.1,16805.08
ORD-10287,2024-04-10,Monitor 27inch,Electronics,West,Sneha Pillai,15,19140.23,0.2,229682.76,141192.32,88490.44
ORD-58952,2024-04-12,Mechanical Keyboard,Electronics,North,Divya Menon,7,4986.16,0.0,34903.12,18278.74,16624.38
ORD-81213,2024-04-12,Wireless Headphones,Electronics,East,Karthik Raj,3,4454.89,0.05,12696.44,7752.11,4944.33
ORD-47767,2024-04-13,Mechanical Keyboard,Electronics,South,Karthik Raj,6,5367.8,0.0,32206.8,18392.04,13814.76
ORD-51079,2024-04-13,Office Chair Ergo,Furniture,East,Rahul Nair,3,11413.07,0.15,29103.33,20275.13,8828.2
ORD-86622,2024-04-14,Office Chair Ergo,Furniture,East,Rahul Nair,8,13214.92,0.1,95147.42,49066.14,46081.28
ORD-77809,2024-04-14,USB Hub 7-Port,Electronics,East,Arjun Kumar,15,901.91,0.0,13528.65,8515.02,5013.63
ORD-63883,2024-04-14,Standing Desk,Furniture,North,Karthik Raj,20,22427.76,0.0,448555.2,301144.27,147410.93
ORD-45197,2024-04-14,Monitor 27inch,Electronics,North,Vikram Das,7,27681.29,0.2,155015.22,77966.9,77048.32
ORD-96827,2024-04-14,Wireless Headphones,Electronics,North,Rahul Nair,13,2687.08,0.1,31438.84,14637.0,16801.84
ORD-31514,2024-04-15,Laptop Pro X1,Electronics,North,Rahul Nair,18,108079.39,0.2,1556343.22,818264.79,738078.43
ORD-21413,2024-04-15,Notebook Pack,Stationery,North,Arjun Kumar,10,479.7,0.15,4077.45,2699.4,1378.05
ORD-25096,2024-04-15,Wireless Headphones,Electronics,East,Vikram Das,19,3511.06,0.15,56703.62,31437.82,25265.8
ORD-89168,2024-04-15,Standing Desk,Furniture,West,Divya Menon,6,29673.66,0.1,160237.76,97800.29,62437.47
ORD-95182,2024-04-15,Desk Lamp LED,Furniture,South,Divya Menon,10,2089.25,0.2,16714.0,7858.16,8855.84
ORD-53332,2024-04-15,Monitor 27inch,Electronics,East,Meera Iyer,9,23770.43,0.1,192540.48,129443.54,63096.94
ORD-46968,2024-04-15,Office Chair Ergo,Furniture,South,Divya Menon,19,11433.63,0.15,184653.12,91422.07,93231.05
ORD-14222,2024-04-16,Monitor 27inch,Electronics,South,Karthik Raj,7,27374.1,0.15,162875.89,104464.11,58411.78
ORD-98316,2024-04-16,Notebook Pack,Stationery,West,Karthik Raj,20,443.94,0.1,7990.92,4316.55,3674.37
ORD-13084,2024-04-16,Monitor 27inch,Electronics,North,Sneha Pillai,9,22257.03,0.15,170266.28,89225.68,81040.6
ORD-94512,2024-04-17,Mechanical Keyboard,Electronics,South,Vikram Das,2,5687.49,0.1,10237.48,4706.99,5530.49
ORD-41804,2024-04-17,Laptop Pro X1,Electronics,North,Vikram Das,3,111454.98,0.1,300928.45,203641.95,97286.5
ORD-18906,2024-04-17,Standing Desk,Furniture,South,Sneha Pillai,6,21759.24,0.0,130555.44,80709.43,49846.01
ORD-15540,2024-04-18,Standing Desk,Furniture,West,Rahul Nair,4,26561.16,0.0,106244.64,64812.85,41431.79
ORD-29562,2024-04-18,Standing Desk,Furniture,East,Rahul Nair,2,22812.42,0.05,43343.6,26010.42,17333.18
ORD-90492,2024-04-18,Standing Desk,Furniture,West,Rahul Nair,6,25685.75,0.05,146408.77,80363.13,66045.64
ORD-19572,2024-04-18,Mechanical Keyboard,Electronics,North,Vikram Das,9,5449.36,0.15,41687.6,21030.37,20657.23
ORD-11146,2024-04-18,USB Hub 7-Port,Electronics,East,Rahul Nair,5,1173.56,0.0,5867.8,3000.86,2866.94
ORD-13208,2024-04-19,Pen Set Premium,Stationery,West,Rahul Nair,5,334.46,0.05,1588.68,881.56,707.12
ORD-49201,2024-04-20,Office Chair Ergo,Furniture,North,Sneha Pillai,14,13197.66,0.05,175528.88,103850.47,71678.41
ORD-83259,2024-04-20,Laptop Pro X1,Electronics,South,Priya Sharma,15,89666.87,0.05,1277752.9,788238.65,489514.25
ORD-24156,2024-04-20,Notebook Pack,Stationery,North,Sneha Pillai,1,336.22,0.0,336.22,200.71,135.51
ORD-97650,2024-04-21,USB Hub 7-Port,Electronics,North,Priya Sharma,8,1130.72,0.15,7688.9,4735.86,2953.04
ORD-22062,2024-04-21,USB Hub 7-Port,Electronics,North,Meera Iyer,20,994.81,0.0,19896.2,10725.34,9170.86
ORD-26912,2024-04-22,USB Hub 7-Port,Electronics,East,Rahul Nair,18,1247.86,0.0,22461.48,14419.04,8042.44
ORD-32338,2024-04-23,Office Chair Ergo,Furniture,West,Priya Sharma,16,12638.49,0.0,202215.84,103299.74,98916.1
ORD-92324,2024-04-24,Standing Desk,Furniture,South,Meera Iyer,11,25324.3,0.2,222853.84,134398.97,88454.87
ORD-15788,2024-04-24,Office Chair Ergo,Furniture,North,Sneha Pillai,17,11030.51,0.0,187518.67,89860.92,97657.75
ORD-31955,2024-04-25,Desk Lamp LED,Furniture,East,Vikram Das,12,2448.76,0.2,23508.1,12310.12,11197.98
ORD-88275,2024-04-25,Office Chair Ergo,Furniture,East,Vikram Das,7,12993.35,0.15,77310.43,42970.89,34339.54
ORD-35915,2024-04-25,Mechanical Keyboard,Electronics,North,Meera Iyer,6,4522.75,0.0,27136.5,13404.42,13732.08
ORD-18178,2024-04-26,Office Chair Ergo,Furniture,South,Sneha Pillai,19,8219.26,0.1,140549.35,90450.73,50098.62
ORD-94207,2024-04-26,Notebook Pack,Stationery,East,Meera Iyer,1,286.03,0.0,286.03,133.0,153.03
ORD-45321,2024-04-26,Notebook Pack,Stationery,East,Karthik Raj,12,328.5,0.0,3942.0,2302.55,1639.45
ORD-18601,2024-04-26,USB Hub 7-Port,Electronics,East,Meera Iyer,20,1057.7,0.15,17980.9,12341.03,5639.87
ORD-60768,2024-04-27,Desk Lamp LED,Furniture,West,Arjun Kumar,14,1388.42,0.1,17494.09,9862.25,7631.84
ORD-79228,2024-04-27,USB Hub 7-Port,Electronics,South,Divya Menon,20,1411.19,0.0,28223.8,16408.66,11815.14
ORD-70447,2024-04-28,Standing Desk,Furniture,East,Rahul Nair,10,18777.75,0.0,187777.5,94217.7,93559.8
ORD-48141,2024-04-28,Office Chair Ergo,Furniture,East,Vikram Das,8,14240.06,0.1,102528.43,64931.94,37596.49
ORD-93796,2024-04-28,USB Hub 7-Port,Electronics,South,Sneha Pillai,12,1308.34,0.1,14130.07,6873.2,7256.87
ORD-25012,2024-04-29,Wireless Headphones,Electronics,South,Meera Iyer,9,4417.25,0.0,39755.25,23911.72,15843.53
ORD-41404,2024-04-29,Monitor 27inch,Electronics,West,Sneha Pillai,12,24818.6,0.0,297823.2,208434.93,89388.27
ORD-28264,2024-04-30,Office Chair Ergo,Furniture,North,Arjun Kumar,12,10526.01,0.2,101049.7,67369.14,33680.56
ORD-33283,2024-05-01,Wireless Headphones,Electronics,East,Meera Iyer,10,2733.1,0.0,27331.0,16910.27,10420.73
ORD-43779,2024-05-02,Wireless Headphones,Electronics,West,Sneha Pillai,9,3402.41,0.1,27559.52,16242.83,11316.69
ORD-43902,2024-05-02,Monitor 27inch,Electronics,East,Rahul Nair,18,19811.36,0.0,356604.48,202442.66,154161.82
ORD-60342,2024-05-02,Monitor 27inch,Electronics,South,Divya Menon,4,26997.94,0.0,107991.76,68255.2,39736.56
ORD-78019,2024-05-02,Standing Desk,Furniture,West,Priya Sharma,12,26121.87,0.05,297789.32,177798.05,119991.27
ORD-13614,2024-05-03,Office Chair Ergo,Furniture,North,Sneha Pillai,3,14683.14,0.0,44049.42,26096.57,17952.85
ORD-37605,2024-05-04,Standing Desk,Furniture,West,Karthik Raj,13,18705.75,0.2,194539.8,103745.38,90794.42
ORD-29887,2024-05-04,Wireless Headphones,Electronics,North,Vikram Das,16,2685.21,0.15,36518.86,22700.59,13818.27
ORD-58177,2024-05-04,Wireless Headphones,Electronics,South,Vikram Das,3,4326.91,0.0,12980.73,6176.24,6804.49
ORD-65434,2024-05-04,Desk Lamp LED,Furniture,South,Divya Menon,11,1658.53,0.0,18243.83,10506.47,7737.36
ORD-20589,2024-05-05,Notebook Pack,Stationery,West,Priya Sharma,16,413.72,0.05,6288.54,2945.38,3343.16
ORD-19295,2024-05-05,Standing Desk,Furniture,North,Rahul Nair,13,24636.39,0.15,272232.11,159351.26,112880.85
ORD-63174,2024-05-05,Pen Set Premium,Stationery,South,Karthik Raj,12,301.11,0.0,3613.32,2084.84,1528.48
ORD-77163,2024-05-05,Monitor 27inch,Electronics,North,Sneha Pillai,13,25926.65,0.05,320194.13,152377.94,167816.19
ORD-55908,2024-05-05,Office Chair Ergo,Furniture,East,Arjun Kumar,4,8249.2,0.1,29697.12,15035.99,14661.13
ORD-19837,2024-05-05,Desk Lamp LED,Furniture,West,Rahul Nair,8,1978.67,0.0,15829.36,9090.54,6738.82
ORD-68979,2024-05-05,USB Hub 7-Port,Electronics,West,Vikram Das,19,851.63,0.0,16180.97,9879.85,6301.12
ORD-72071,2024-05-06,Standing Desk,Furniture,North,Arjun Kumar,7,20049.99,0.0,140349.93,97439.96,42909.97
ORD-50850,2024-05-07,Desk Lamp LED,Furniture,West,Rahul Nair,8,1378.97,0.0,11031.76,5131.12,5900.64
ORD-46624,2024-05-09,Monitor 27inch,Electronics,North,Meera Iyer,3,19420.87,0.15,49523.22,28802.8,20720.42
ORD-52184,2024-05-09,USB Hub 7-Port,Electronics,South,Rahul Nair,5,872.49,0.15,3708.08,2225.35,1482.73
ORD-76188,2024-05-09,USB Hub 7-Port,Electronics,South,Divya Menon,5,1032.76,0.15,4389.23,2916.4,1472.83
ORD-97741,2024-05-09,Wireless Headphones,Electronics,South,Meera Iyer,6,4812.05,0.05,27428.69,13126.25,14302.44
ORD-74713,2024-05-09,Office Chair Ergo,Furniture,South,Divya Menon,6,12240.24,0.0,73441.44,47617.27,25824.17
ORD-64476,2024-05-09,Standing Desk,Furniture,West,Karthik Raj,15,18875.68,0.0,283135.2,138600.37,144534.83
ORD-47015,2024-05-10,Laptop Pro X1,Electronics,North,Sneha Pillai,3,118022.82,0.0,354068.46,246125.52,107942.94
ORD-99660,2024-05-10,Desk Lamp LED,Furniture,West,Karthik Raj,16,2489.97,0.2,31871.62,16630.56,15241.06
ORD-15610,2024-05-10,Monitor 27inch,Electronics,North,Divya Menon,16,20317.5,0.0,325080.0,176310.0,148770.0
ORD-55268,2024-05-10,Pen Set Premium,Stationery,South,Sneha Pillai,20,185.92,0.2,2974.72,1872.86,1101.86
ORD-47239,2024-05-11,Pen Set Premium,Stationery,West,Priya Sharma,5,180.91,0.0,904.55,453.12,451.43
ORD-39284,2024-05-12,Standing Desk,Furniture,North,Vikram Das,6,27269.55,0.0,163617.3,85992.21,77625.09
ORD-99235,2024-05-12,Desk Lamp LED,Furniture,West,Arjun Kumar,6,1558.04,0.0,9348.24,5651.58,3696.66
ORD-32746,2024-05-12,Wireless Headphones,Electronics,North,Divya Menon,14,3052.43,0.05,40597.32,24455.9,16141.42
ORD-63188,2024-05-13,Wireless Headphones,Electronics,West,Sneha Pillai,18,2744.13,0.05,46924.62,23182.8,23741.82
ORD-87718,2024-05-13,Wireless Headphones,Electronics,West,Divya Menon,5,2589.25,0.0,12946.25,8155.29,4790.96
ORD-98694,2024-05-13,Office Chair Ergo,Furniture,West,Vikram Das,1,10077.26,0.05,9573.4,6691.19,2882.21
ORD-10675,2024-05-14,Laptop Pro X1,Electronics,East,Arjun Kumar,20,101112.39,0.0,2022247.8,1088926.22,933321.58
ORD-39225,2024-05-14,Mechanical Keyboard,Electronics,North,Vikram Das,2,5088.01,0.05,9667.22,4661.75,5005.47
ORD-92924,2024-05-15,Laptop Pro X1,Electronics,West,Arjun Kumar,8,109545.39,0.0,876363.12,397510.69,478852.43
ORD-14944,2024-05-16,Wireless Headphones,Electronics,South,Vikram Das,14,3508.48,0.05,46662.78,25469.9,21192.88
ORD-66747,2024-05-16,Monitor 27inch,Electronics,South,Arjun Kumar,8,25005.15,0.0,200041.2,112469.72,87571.48
ORD-20852,2024-05-16,Mechanical Keyboard,Electronics,East,Meera Iyer,8,3275.4,0.2,20962.56,10985.61,9976.95
ORD-78386,2024-05-16,Wireless Headphones,Electronics,West,Sneha Pillai,15,4268.27,0.05,60822.85,30048.57,30774.28
ORD-21232,2024-05-17,Standing Desk,Furniture,East,Vikram Das,14,20228.85,0.1,254883.51,156796.17,98087.34
ORD-81268,2024-05-17,Laptop Pro X1,Electronics,West,Arjun Kumar,16,111566.73,0.0,1785067.68,1015200.03,769867.65
ORD-31613,2024-05-18,Notebook Pack,Stationery,South,Vikram Das,14,454.84,0.0,6367.76,3252.71,3115.05
ORD-44543,2024-05-18,Pen Set Premium,Stationery,West,Arjun Kumar,6,291.36,0.1,1573.34,734.28,839.06
ORD-74297,2024-05-18,Notebook Pack,Stationery,South,Karthik Raj,13,346.24,0.0,4501.12,2665.63,1835.49
ORD-38624,2024-05-18,Standing Desk,Furniture,West,Rahul Nair,16,19301.17,0.1,277936.85,178484.61,99452.24
ORD-91169,2024-05-18,Pen Set Premium,Stationery,East,Divya Menon,3,304.09,0.0,912.27,604.99,307.28
ORD-75072,2024-05-19,Desk Lamp LED,Furniture,West,Vikram Das,4,1789.65,0.15,6084.81,2831.09,3253.72
ORD-65683,2024-05-19,Monitor 27inch,Electronics,East,Vikram Das,13,24976.53,0.0,324694.89,183774.36,140920.53
ORD-25456,2024-05-19,Office Chair Ergo,Furniture,South,Karthik Raj,7,8011.07,0.0,56077.49,31752.28,24325.21
ORD-95323,2024-05-19,Notebook Pack,Stationery,East,Vikram Das,4,448.64,0.2,1435.65,956.16,479.49
ORD-80848,2024-05-19,Pen Set Premium,Stationery,South,Karthik Raj,16,272.56,0.0,4360.96,2553.82,1807.14
ORD-10935,2024-05-20,Monitor 27inch,Electronics,North,Karthik Raj,16,27045.08,0.15,367813.09,221242.05,146571.04
ORD-23780,2024-05-20,Wireless Headphones,Electronics,East,Priya Sharma,1,3060.04,0.2,2448.03,1107.98,1340.05
ORD-88139,2024-05-21,Monitor 27inch,Electronics,South,Meera Iyer,7,21548.25,0.0,150837.75,80710.97,70126.78
ORD-26803,2024-05-21,Desk Lamp LED,Furniture,West,Sneha Pillai,10,1616.63,0.0,16166.3,9661.24,6505.06
ORD-69890,2024-05-22,Laptop Pro X1,Electronics,South,Sneha Pillai,4,115596.66,0.05,439267.31,208620.31,230647.0
ORD-90149,2024-05-22,Desk Lamp LED,Furniture,East,Arjun Kumar,16,1719.58,0.1,24761.95,14801.7,9960.25
ORD-97539,2024-05-22,USB Hub 7-Port,Electronics,East,Vikram Das,4,933.27,0.05,3546.43,1661.8,1884.63
ORD-53452,2024-05-22,Standing Desk,Furniture,North,Divya Menon,8,23598.44,0.0,188787.52,96235.34,92552.18
ORD-39607,2024-05-23,Wireless Headphones,Electronics,South,Karthik Raj,9,2618.83,0.1,21212.52,11677.64,9534.88
ORD-13732,2024-05-24,Standing Desk,Furniture,East,Vikram Das,12,28907.77,0.0,346893.24,210036.36,136856.88
ORD-63759,2024-05-24,Pen Set Premium,Stationery,North,Meera Iyer,8,204.22,0.15,1388.7,790.07,598.63
ORD-56254,2024-05-24,Laptop Pro X1,Electronics,North,Vikram Das,17,101003.07,0.0,1717052.19,865027.04,852025.15
ORD-17827,2024-05-25,Laptop Pro X1,Electronics,East,Karthik Raj,19,98446.18,0.2,1496381.94,1034410.11,461971.83
ORD-87485,2024-05-25,Laptop Pro X1,Electronics,East,Vikram Das,4,89343.24,0.0,357372.96,214551.6,142821.36
ORD-41749,2024-05-25,Standing Desk,Furniture,South,Vikram Das,7,24339.86,0.0,170379.02,93696.05,76682.97
ORD-85564,2024-05-25,Wireless Headphones,Electronics,West,Sneha Pillai,6,4835.14,0.0,29010.84,13549.24,15461.6
ORD-94233,2024-05-25,Notebook Pack,Stationery,West,Arjun Kumar,3,283.93,0.0,851.79,472.58,379.21
ORD-32354,2024-05-26,Mechanical Keyboard,Electronics,West,Sneha Pillai,18,5997.29,0.0,107951.22,54734.28,53216.94
ORD-80464,2024-05-26,Monitor 27inch,Electronics,East,Divya Menon,14,22257.19,0.2,249280.53,137314.23,111966.3
ORD-73508,2024-05-26,Mechanical Keyboard,Electronics,East,Vikram Das,12,4427.48,0.1,47816.78,32875.7,14941.08
ORD-24322,2024-05-27,USB Hub 7-Port,Electronics,West,Karthik Raj,14,1326.72,0.15,15787.97,10536.17,5251.8
ORD-25187,2024-05-28,Mechanical Keyboard,Electronics,North,Meera Iyer,19,3640.24,0.15,58789.88,34573.73,24216.15
ORD-76252,2024-05-28,Office Chair Ergo,Furniture,East,Priya Sharma,6,11103.79,0.0,66622.74,40115.7,26507.04
ORD-43166,2024-05-29,Laptop Pro X1,Electronics,East,Arjun Kumar,9,107458.59,0.05,918770.94,423534.43,495236.51
ORD-22987,2024-05-29,Monitor 27inch,Electronics,South,Vikram Das,3,21749.13,0.0,65247.39,34559.66,30687.73
ORD-46822,2024-05-29,Monitor 27inch,Electronics,West,Karthik Raj,6,18260.63,0.1,98607.4,49772.58,48834.82
ORD-27200,2024-05-30,Standing Desk,Furniture,South,Priya Sharma,14,23525.9,0.0,329362.6,157811.26,171551.34
ORD-69355,2024-05-31,Notebook Pack,Stationery,West,Divya Menon,9,319.36,0.0,2874.24,1990.76,883.48
ORD-13501,2024-05-31,Monitor 27inch,Electronics,West,Meera Iyer,6,20527.67,0.1,110849.42,51119.18,59730.24
ORD-86692,2024-05-31,Office Chair Ergo,Furniture,West,Arjun Kumar,17,13153.5,0.1,201248.55,137619.21,63629.34
ORD-20835,2024-06-01,Pen Set Premium,Stationery,West,Meera Iyer,14,327.54,0.05,4356.28,2492.55,1863.73
ORD-64870,2024-06-01,Office Chair Ergo,Furniture,West,Divya Menon,6,14134.84,0.0,84809.04,41699.99,43109.05
ORD-21867,2024-06-02,USB Hub 7-Port,Electronics,East,Rahul Nair,13,1232.93,0.0,16028.09,8008.51,8019.58
ORD-33703,2024-06-03,USB Hub 7-Port,Electronics,North,Sneha Pillai,20,891.73,0.05,16942.87,8277.66,8665.21
ORD-33125,2024-06-03,Wireless Headphones,Electronics,West,Meera Iyer,10,2910.4,0.0,29104.0,14878.87,14225.13
ORD-25713,2024-06-04,Wireless Headphones,Electronics,South,Priya Sharma,20,2669.9,0.2,42718.4,21735.16,20983.24
ORD-65389,2024-06-04,Monitor 27inch,Electronics,North,Meera Iyer,9,21697.81,0.0,195280.29,119541.89,75738.4
ORD-10336,2024-06-04,Office Chair Ergo,Furniture,North,Karthik Raj,14,10379.13,0.2,116246.26,67066.47,49179.79
ORD-59725,2024-06-05,Wireless Headphones,Electronics,South,Arjun Kumar,19,3982.62,0.15,64319.31,39386.01,24933.3
ORD-22395,2024-06-05,Pen Set Premium,Stationery,West,Rahul Nair,6,166.39,0.05,948.42,586.36,362.06
ORD-83242,2024-06-06,Pen Set Premium,Stationery,North,Meera Iyer,5,278.31,0.05,1321.97,781.25,540.72
ORD-92361,2024-06-07,Mechanical Keyboard,Electronics,South,Meera Iyer,4,3366.57,0.05,12792.97,7347.24,5445.73
ORD-88983,2024-06-07,Wireless Headphones,Electronics,West,Rahul Nair,20,3304.14,0.1,59474.52,34063.15,25411.37
ORD-63143,2024-06-08,Laptop Pro X1,Electronics,South,Arjun Kumar,6,94039.09,0.0,564234.54,326782.17,237452.37
ORD-58589,2024-06-09,Pen Set Premium,Stationery,West,Priya Sharma,16,340.41,0.0,5446.56,3695.94,1750.62
ORD-32427,2024-06-09,Pen Set Premium,Stationery,East,Karthik Raj,8,224.09,0.0,1792.72,1054.19,738.53
ORD-81568,2024-06-09,USB Hub 7-Port,Electronics,North,Karthik Raj,8,868.89,0.0,6951.12,3754.02,3197.1
ORD-92721,2024-06-09,Standing Desk,Furniture,East,Divya Menon,15,21130.15,0.0,316952.25,183596.95,133355.3
ORD-47128,2024-06-10,Wireless Headphones,Electronics,South,Sneha Pillai,18,3296.21,0.0,59331.78,40690.89,18640.89
ORD-51446,2024-06-10,Standing Desk,Furniture,South,Priya Sharma,20,27031.54,0.1,486567.72,258198.0,228369.72
ORD-39634,2024-06-10,Office Chair Ergo,Furniture,West,Priya Sharma,16,8048.37,0.2,103019.14,63270.07,39749.07
ORD-25509,2024-06-10,Mechanical Keyboard,Electronics,South,Rahul Nair,6,3472.07,0.1,18749.18,11799.34,6949.84
ORD-58029,2024-06-11,Monitor 27inch,Electronics,North,Priya Sharma,13,21655.91,0.1,253374.15,116607.49,136766.66
ORD-65702,2024-06-11,USB Hub 7-Port,Electronics,North,Vikram Das,1,1231.4,0.2,985.12,627.01,358.11
ORD-49795,2024-06-12,Pen Set Premium,Stationery,West,Karthik Raj,8,383.21,0.05,2912.4,1990.87,921.53
ORD-49438,2024-06-12,Office Chair Ergo,Furniture,West,Rahul Nair,8,14265.37,0.15,97004.52,64320.2,32684.32
ORD-77357,2024-06-13,Monitor 27inch,Electronics,West,Meera Iyer,2,20964.34,0.15,35639.38,17752.98,17886.4
ORD-18973,2024-06-13,Desk Lamp LED,Furniture,East,Karthik Raj,18,2251.45,0.05,38499.79,19134.4,19365.39
ORD-29826,2024-06-13,Monitor 27inch,Electronics,West,Rahul Nair,11,25368.69,0.05,265102.81,169909.39,95193.42
ORD-77307,2024-06-13,Desk Lamp LED,Furniture,North,Karthik Raj,9,2414.41,0.2,17383.75,9078.43,8305.32
ORD-28769,2024-06-14,USB Hub 7-Port,Electronics,West,Karthik Raj,11,1068.85,0.2,9405.88,4652.19,4753.69
ORD-90354,2024-06-14,Notebook Pack,Stationery,East,Karthik Raj,20,327.15,0.15,5561.55,2764.58,2796.97
ORD-86406,2024-06-14,Laptop Pro X1,Electronics,North,Priya Sharma,18,94957.28,0.2,1367384.83,806454.13,560930.7
ORD-61296,2024-06-15,Desk Lamp LED,Furniture,East,Sneha Pillai,6,2446.91,0.05,13947.39,7119.55,6827.84
ORD-54378,2024-06-15,Pen Set Premium,Stationery,South,Vikram Das,16,153.24,0.0,2451.84,1490.42,961.42
ORD-35288,2024-06-15,Wireless Headphones,Electronics,North,Rahul Nair,14,4450.77,0.0,62310.78,42664.9,19645.88
ORD-16461,2024-06-15,USB Hub 7-Port,Electronics,West,Arjun Kumar,18,1071.18,0.2,15424.99,9373.18,6051.81
ORD-86372,2024-06-16,Pen Set Premium,Stationery,North,Vikram Das,4,253.61,0.0,1014.44,600.19,414.25
ORD-17954,2024-06-16,Standing Desk,Furniture,North,Meera Iyer,4,25504.19,0.1,91815.08,44182.02,47633.06
ORD-81925,2024-06-16,Desk Lamp LED,Furniture,North,Rahul Nair,16,2235.87,0.0,35773.92,23542.41,12231.51
ORD-89557,2024-06-16,Pen Set Premium,Stationery,West,Priya Sharma,14,389.39,0.15,4633.74,2707.66,1926.08
ORD-54220,2024-06-16,Office Chair Ergo,Furniture,North,Karthik Raj,8,9440.14,0.2,60416.9,36755.29,23661.61
ORD-91678,2024-06-16,USB Hub 7-Port,Electronics,South,Sneha Pillai,14,848.98,0.15,10102.86,6871.89,3230.97
ORD-59051,2024-06-17,Desk Lamp LED,Furniture,West,Priya Sharma,1,1864.97,0.15,1585.22,1096.37,488.85
ORD-36976,2024-06-17,Notebook Pack,Stationery,East,Arjun Kumar,8,454.08,0.0,3632.64,1945.94,1686.7
ORD-37964,2024-06-17,Wireless Headphones,Electronics,South,Vikram Das,18,3842.59,0.0,69166.62,37166.73,31999.89
ORD-12486,2024-06-18,Standing Desk,Furniture,West,Arjun Kumar,4,25899.05,0.1,93236.58,46146.13,47090.45
ORD-92095,2024-06-18,Notebook Pack,Stationery,South,Karthik Raj,11,240.64,0.2,2117.63,1057.78,1059.85
ORD-25473,2024-06-19,USB Hub 7-Port,Electronics,East,Rahul Nair,12,888.85,0.2,8532.96,5703.13,2829.83
ORD-29741,2024-06-19,Desk Lamp LED,Furniture,South,Arjun Kumar,16,1527.63,0.0,24442.08,15523.84,8918.24
ORD-23970,2024-06-19,Wireless Headphones,Electronics,North,Vikram Das,7,4219.42,0.0,29535.94,16310.08,13225.86
ORD-75521,2024-06-19,Pen Set Premium,Stationery,West,Divya Menon,6,302.63,0.0,1815.78,1087.78,728.0
ORD-54350,2024-06-19,Desk Lamp LED,Furniture,South,Sneha Pillai,12,2393.32,0.05,27283.85,15065.93,12217.92
ORD-28659,2024-06-19,Monitor 27inch,Electronics,South,Karthik Raj,1,25444.6,0.0,25444.6,12864.52,12580.08
ORD-55032,2024-06-19,Office Chair Ergo,Furniture,South,Priya Sharma,12,14806.24,0.0,177674.88,83558.66,94116.22
ORD-66866,2024-06-19,Pen Set Premium,Stationery,South,Arjun Kumar,19,246.42,0.1,4213.78,2495.31,1718.47
ORD-94397,2024-06-19,Notebook Pack,Stationery,South,Sneha Pillai,14,406.34,0.0,5688.76,2881.09,2807.67
ORD-86543,2024-06-22,Pen Set Premium,Stationery,West,Meera Iyer,9,295.3,0.15,2259.05,1536.82,722.23
ORD-70125,2024-06-22,Standing Desk,Furniture,South,Vikram Das,4,27195.4,0.1,97903.44,52818.01,45085.43
ORD-84141,2024-06-22,Standing Desk,Furniture,North,Vikram Das,12,23756.21,0.2,228059.62,130260.78,97798.84
ORD-63773,2024-06-23,Pen Set Premium,Stationery,East,Sneha Pillai,15,238.55,0.05,3399.34,1887.06,1512.28
ORD-98022,2024-06-23,Standing Desk,Furniture,East,Divya Menon,1,19003.07,0.2,15202.46,8534.12,6668.34
ORD-33260,2024-06-23,Pen Set Premium,Stationery,North,Sneha Pillai,20,200.37,0.0,4007.4,2144.72,1862.68
ORD-82127,2024-06-24,Pen Set Premium,Stationery,South,Sneha Pillai,10,209.36,0.2,1674.88,1033.03,641.85
ORD-90918,2024-06-24,Monitor 27inch,Electronics,West,Vikram Das,19,19142.32,0.0,363704.08,240546.4,123157.68
ORD-57895,2024-06-24,Laptop Pro X1,Electronics,East,Sneha Pillai,5,98539.34,0.2,394157.36,233378.64,160778.72
ORD-27047,2024-06-24,USB Hub 7-Port,Electronics,East,Karthik Raj,15,1258.7,0.2,15104.4,8702.07,6402.33
ORD-26270,2024-06-25,Office Chair Ergo,Furniture,West,Arjun Kumar,7,9636.23,0.0,67453.61,40716.83,26736.78
ORD-80971,2024-06-25,Monitor 27inch,Electronics,East,Priya Sharma,9,26433.08,0.2,190318.18,98349.16,91969.02
ORD-23941,2024-06-25,Desk Lamp LED,Furniture,East,Divya Menon,9,1473.04,0.05,12594.49,5942.18,6652.31
ORD-72081,2024-06-25,Wireless Headphones,Electronics,North,Karthik Raj,9,4905.38,0.15,37526.16,18551.48,18974.68
ORD-24621,2024-06-25,Mechanical Keyboard,Electronics,North,Priya Sharma,18,5252.63,0.2,75637.87,46157.29,29480.58
ORD-34368,2024-06-27,Monitor 27inch,Electronics,West,Arjun Kumar,4,19799.04,0.0,79196.16,44139.72,35056.44
ORD-16054,2024-06-29,Notebook Pack,Stationery,East,Sneha Pillai,20,328.86,0.15,5590.62,2857.58,2733.04
ORD-23473,2024-06-29,Standing Desk,Furniture,West,Arjun Kumar,17,25692.15,0.15,371251.57,228323.47,142928.1
ORD-23525,2024-06-29,Monitor 27inch,Electronics,West,Divya Menon,14,27575.02,0.0,386050.28,240290.17,145760.11
ORD-83445,2024-06-30,Office Chair Ergo,Furniture,North,Rahul Nair,7,10927.49,0.15,65018.57,33363.07,31655.5
ORD-64046,2024-06-30,Desk Lamp LED,Furniture,West,Sneha Pillai,11,1915.11,0.0,21066.21,13929.26,7136.95
ORD-98702,2024-06-30,Standing Desk,Furniture,East,Arjun Kumar,11,27082.17,0.1,268113.48,133425.11,134688.37
ORD-69714,2024-06-30,Wireless Headphones,Electronics,West,Rahul Nair,3,4532.13,0.15,11556.93,6553.58,5003.35
ORD-19853,2024-07-01,Wireless Headphones,Electronics,South,Meera Iyer,16,4168.19,0.0,66691.04,45269.39,21421.65
ORD-26415,2024-07-01,Desk Lamp LED,Furniture,West,Arjun Kumar,18,1826.83,0.05,31238.79,20037.2,11201.59
ORD-70035,2024-07-01,Wireless Headphones,Electronics,South,Rahul Nair,16,3577.75,0.0,57244.0,30702.62,26541.38
ORD-41224,2024-07-01,Pen Set Premium,Stationery,West,Karthik Raj,6,390.08,0.05,2223.46,1415.03,808.43
ORD-99899,2024-07-01,Laptop Pro X1,Electronics,North,Arjun Kumar,3,97519.5,0.1,263302.65,125472.63,137830.02
ORD-31331,2024-07-02,Laptop Pro X1,Electronics,East,Priya Sharma,17,102188.47,0.05,1650343.79,863703.08,786640.71
ORD-19539,2024-07-02,Standing Desk,Furniture,North,Karthik Raj,13,26084.06,0.1,305183.5,140349.89,164833.61
ORD-75811,2024-07-02,Pen Set Premium,Stationery,South,Meera Iyer,10,169.74,0.2,1357.92,853.56,504.36
ORD-41584,2024-07-02,Mechanical Keyboard,Electronics,North,Vikram Das,6,3321.05,0.0,19926.3,11579.1,8347.2
ORD-77033,2024-07-02,Standing Desk,Furniture,North,Karthik Raj,7,26573.34,0.1,167412.04,102846.16,64565.88
ORD-28161,2024-07-02,Laptop Pro X1,Electronics,South,Divya Menon,12,89017.6,0.0,1068211.2,488572.46,579638.74
ORD-38748,2024-07-03,Standing Desk,Furniture,West,Priya Sharma,19,26579.05,0.1,454501.76,270187.26,184314.5
ORD-19880,2024-07-03,Pen Set Premium,Stationery,South,Vikram Das,6,219.64,0.0,1317.84,881.14,436.7
ORD-41278,2024-07-03,Monitor 27inch,Electronics,West,Priya Sharma,10,24986.76,0.15,212387.46,146198.39,66189.07
ORD-98892,2024-07-03,Monitor 27inch,Electronics,West,Vikram Das,2,26351.06,0.0,52702.12,31159.37,21542.75
ORD-62855,2024-07-03,Laptop Pro X1,Electronics,North,Vikram Das,5,115885.95,0.15,492515.29,266669.65,225845.64
ORD-82179,2024-07-04,Monitor 27inch,Electronics,South,Karthik Raj,20,18720.5,0.0,374410.0,258952.6,115457.4
ORD-38114,2024-07-04,Laptop Pro X1,Electronics,West,Rahul Nair,17,97978.84,0.15,1415794.24,652936.24,762858.0
ORD-31771,2024-07-05,Standing Desk,Furniture,North,Karthik Raj,15,19777.99,0.05,281836.36,128363.56,153472.8
ORD-28904,2024-07-05,Mechanical Keyboard,Electronics,East,Divya Menon,19,5395.25,0.1,92258.78,63341.83,28916.95
ORD-54057,2024-07-05,USB Hub 7-Port,Electronics,South,Meera Iyer,8,991.05,0.05,7531.98,3444.04,4087.94
ORD-50306,2024-07-06,USB Hub 7-Port,Electronics,North,Sneha Pillai,16,813.63,0.0,13018.08,8717.95,4300.13
ORD-25687,2024-07-06,Desk Lamp LED,Furniture,East,Arjun Kumar,20,1268.86,0.2,20301.76,10954.57,9347.19
ORD-92729,2024-07-06,Wireless Headphones,Electronics,East,Karthik Raj,16,3233.86,0.0,51741.76,23312.69,28429.07
ORD-67981,2024-07-06,Laptop Pro X1,Electronics,South,Divya Menon,20,115544.7,0.1,2079804.6,1103147.59,976657.01
ORD-18693,2024-07-06,Notebook Pack,Stationery,South,Rahul Nair,4,204.48,0.0,817.92,386.9,431.02
ORD-42493,2024-07-06,Standing Desk,Furniture,East,Vikram Das,12,23257.2,0.1,251177.76,141380.81,109796.95
ORD-83880,2024-07-08,Standing Desk,Furniture,North,Rahul Nair,4,26767.9,0.0,107071.6,52955.61,54115.99
ORD-12612,2024-07-09,Mechanical Keyboard,Electronics,South,Meera Iyer,2,3270.77,0.0,6541.54,3927.64,2613.9
ORD-56106,2024-07-09,Office Chair Ergo,Furniture,East,Arjun Kumar,18,8195.74,0.0,147523.32,80580.98,66942.34
ORD-93359,2024-07-09,Mechanical Keyboard,Electronics,South,Karthik Raj,12,4251.18,0.05,48463.45,25741.76,22721.69
ORD-31802,2024-07-10,Laptop Pro X1,Electronics,East,Priya Sharma,4,111913.39,0.15,380505.53,234457.41,146048.12
ORD-13003,2024-07-10,Monitor 27inch,Electronics,West,Arjun Kumar,11,20289.08,0.2,178543.9,100415.02,78128.88
ORD-64432,2024-07-10,Wireless Headphones,Electronics,North,Arjun Kumar,4,3861.61,0.0,15446.44,8926.28,6520.16
ORD-46208,2024-07-11,Pen Set Premium,Stationery,South,Karthik Raj,12,372.0,0.05,4240.8,2532.97,1707.83
ORD-32179,2024-07-11,Mechanical Keyboard,Electronics,South,Arjun Kumar,11,5511.82,0.2,48504.02,32736.17,15767.85
ORD-52339,2024-07-12,Mechanical Keyboard,Electronics,East,Karthik Raj,19,3147.55,0.0,59803.45,39837.44,19966.01
ORD-58200,2024-07-12,Notebook Pack,Stationery,West,Divya Menon,9,463.83,0.0,4174.47,2257.34,1917.13
ORD-33187,2024-07-12,Wireless Headphones,Electronics,North,Sneha Pillai,1,4032.3,0.15,3427.45,1673.62,1753.83
ORD-20673,2024-07-12,Pen Set Premium,Stationery,East,Divya Menon,11,265.34,0.05,2772.8,1604.36,1168.44
ORD-15220,2024-07-13,Office Chair Ergo,Furniture,West,Priya Sharma,1,12111.54,0.0,12111.54,6244.06,5867.48
ORD-68600,2024-07-13,Wireless Headphones,Electronics,West,Divya Menon,19,4937.98,0.05,89130.54,57293.24,31837.3
ORD-68006,2024-07-13,Laptop Pro X1,Electronics,North,Vikram Das,4,98427.05,0.0,393708.2,261114.59,132593.61
ORD-11257,2024-07-13,Standing Desk,Furniture,South,Arjun Kumar,14,18286.92,0.1,230415.19,123642.16,106773.03
ORD-79177,2024-07-14,Standing Desk,Furniture,North,Vikram Das,7,25359.1,0.05,168638.01,84001.62,84636.39
ORD-54279,2024-07-14,Monitor 27inch,Electronics,North,Arjun Kumar,14,22811.76,0.0,319364.64,188885.34,130479.3
ORD-83922,2024-07-15,Pen Set Premium,Stationery,South,Rahul Nair,19,299.4,0.15,4835.31,3081.19,1754.12
ORD-42158,2024-07-15,Office Chair Ergo,Furniture,East,Arjun Kumar,16,9571.28,0.15,130169.41,90573.9,39595.51
ORD-41360,2024-07-15,Wireless Headphones,Electronics,South,Meera Iyer,6,2788.12,0.2,13382.98,6894.76,6488.22
ORD-63110,2024-07-17,USB Hub 7-Port,Electronics,West,Meera Iyer,17,1047.75,0.1,16030.58,9528.06,6502.52
ORD-32185,2024-07-17,Monitor 27inch,Electronics,East,Meera Iyer,16,22608.29,0.15,307472.74,199471.06,108001.68
ORD-30380,2024-07-18,Desk Lamp LED,Furniture,West,Meera Iyer,19,1365.84,0.0,25950.96,16132.79,9818.17
ORD-92429,2024-07-19,Pen Set Premium,Stationery,East,Rahul Nair,11,357.95,0.05,3740.58,2197.71,1542.87
ORD-22723,2024-07-19,Pen Set Premium,Stationery,East,Divya Menon,4,315.97,0.0,1263.88,856.02,407.86
ORD-57139,2024-07-19,Monitor 27inch,Electronics,East,Vikram Das,15,23336.5,0.0,350047.5,184511.99,165535.51
ORD-32523,2024-07-19,Monitor 27inch,Electronics,South,Rahul Nair,1,23537.1,0.0,23537.1,15077.58,8459.52
ORD-92863,2024-07-20,Office Chair Ergo,Furniture,West,Divya Menon,19,8284.89,0.0,157412.91,101966.27,55446.64
ORD-61842,2024-07-20,Wireless Headphones,Electronics,North,Divya Menon,12,3838.68,0.0,46064.16,30381.03,15683.13
ORD-58114,2024-07-20,USB Hub 7-Port,Electronics,South,Priya Sharma,2,1122.26,0.0,2244.52,1087.7,1156.82
ORD-93130,2024-07-20,Office Chair Ergo,Furniture,East,Karthik Raj,20,9474.41,0.0,189488.2,94914.51,94573.69
ORD-33944,2024-07-20,USB Hub 7-Port,Electronics,North,Arjun Kumar,15,1196.69,0.0,17950.35,9175.74,8774.61
ORD-12128,2024-07-21,Laptop Pro X1,Electronics,West,Meera Iyer,2,107248.48,0.0,214496.96,110125.43,104371.53
ORD-75160,2024-07-21,Standing Desk,Furniture,West,Karthik Raj,19,28039.36,0.05,506110.45,306045.74,200064.71
ORD-78354,2024-07-21,Mechanical Keyboard,Electronics,East,Divya Menon,14,5794.35,0.0,81120.9,56239.54,24881.36
ORD-57089,2024-07-21,Laptop Pro X1,Electronics,West,Divya Menon,10,109355.88,0.0,1093558.8,664505.67,429053.13
ORD-89500,2024-07-22,Office Chair Ergo,Furniture,West,Sneha Pillai,4,14558.32,0.05,55321.62,28711.22,26610.4
ORD-21510,2024-07-22,Pen Set Premium,Stationery,East,Priya Sharma,2,182.2,0.0,364.4,223.44,140.96
ORD-82597,2024-07-23,Desk Lamp LED,Furniture,South,Meera Iyer,17,1204.38,0.0,20474.46,10889.22,9585.24
ORD-44108,2024-07-23,Pen Set Premium,Stationery,North,Divya Menon,5,163.64,0.0,818.2,375.53,442.67
ORD-52842,2024-07-24,Laptop Pro X1,Electronics,East,Priya Sharma,6,85060.51,0.1,459326.75,208141.45,251185.3
ORD-14000,2024-07-25,Pen Set Premium,Stationery,South,Vikram Das,4,264.3,0.05,1004.34,696.09,308.25
ORD-42859,2024-07-25,Monitor 27inch,Electronics,West,Divya Menon,1,24892.5,0.0,24892.5,15709.65,9182.85
ORD-65112,2024-07-26,Office Chair Ergo,Furniture,East,Priya Sharma,8,10486.98,0.15,71311.46,47625.93,23685.53
ORD-26571,2024-07-27,Pen Set Premium,Stationery,West,Rahul Nair,2,279.49,0.1,503.08,336.54,166.54
ORD-93964,2024-07-28,Desk Lamp LED,Furniture,East,Karthik Raj,4,1826.26,0.0,7305.04,5092.27,2212.77
ORD-91412,2024-07-28,Laptop Pro X1,Electronics,North,Sneha Pillai,15,93412.18,0.15,1191005.29,718682.69,472322.6
ORD-94237,2024-07-28,Desk Lamp LED,Furniture,West,Vikram Das,2,1982.16,0.1,3567.89,2353.21,1214.68
ORD-84743,2024-07-28,Wireless Headphones,Electronics,North,Divya Menon,20,3854.59,0.2,61673.44,28568.28,33105.16
ORD-20579,2024-07-28,Office Chair Ergo,Furniture,North,Karthik Raj,5,14971.4,0.0,74857.0,41771.16,33085.84
ORD-30926,2024-07-28,Standing Desk,Furniture,West,Divya Menon,15,25071.19,0.2,300854.28,200767.61,100086.67
ORD-54541,2024-07-28,Desk Lamp LED,Furniture,North,Karthik Raj,1,1434.54,0.15,1219.36,781.12,438.24
ORD-72064,2024-07-28,Office Chair Ergo,Furniture,South,Meera Iyer,19,9749.78,0.0,185245.82,102033.17,83212.65
ORD-34854,2024-07-29,Desk Lamp LED,Furniture,West,Priya Sharma,11,1377.65,0.05,14396.44,7182.8,7213.64
ORD-97096,2024-07-29,Standing Desk,Furniture,West,Divya Menon,17,27411.69,0.2,372798.98,232638.54,140160.44
ORD-32492,2024-07-29,Mechanical Keyboard,Electronics,North,Priya Sharma,4,4518.44,0.0,18073.76,12499.25,5574.51
ORD-44170,2024-07-29,Monitor 27inch,Electronics,East,Sneha Pillai,14,21913.78,0.05,291453.27,162135.4,129317.87
ORD-28340,2024-07-30,Notebook Pack,Stationery,West,Arjun Kumar,13,216.59,0.05,2674.89,1440.17,1234.72
ORD-30807,2024-07-30,USB Hub 7-Port,Electronics,North,Sneha Pillai,18,961.3,0.1,15573.06,7657.09,7915.97
ORD-62205,2024-07-31,Laptop Pro X1,Electronics,South,Sneha Pillai,1,118651.42,0.1,106786.28,51903.25,54883.03
ORD-48185,2024-07-31,Standing Desk,Furniture,South,Arjun Kumar,15,29315.7,0.0,439735.5,246082.03,193653.47
ORD-48657,2024-08-01,Monitor 27inch,Electronics,West,Divya Menon,7,20727.99,0.0,145095.93,71717.73,73378.2
ORD-68407,2024-08-01,Office Chair Ergo,Furniture,East,Divya Menon,5,8353.64,0.15,35502.97,24828.71,10674.26
ORD-19516,2024-08-01,Office Chair Ergo,Furniture,South,Vikram Das,2,9434.72,0.05,17925.97,10464.2,7461.77
ORD-69942,2024-08-01,Laptop Pro X1,Electronics,South,Karthik Raj,2,94619.85,0.1,170315.73,88933.35,81382.38
ORD-49691,2024-08-01,Desk Lamp LED,Furniture,East,Sneha Pillai,5,1771.69,0.05,8415.53,4717.34,3698.19
ORD-93257,2024-08-02,USB Hub 7-Port,Electronics,North,Rahul Nair,13,1031.11,0.15,11393.77,6380.12,5013.65
ORD-93726,2024-08-02,Office Chair Ergo,Furniture,North,Rahul Nair,9,10061.98,0.15,76974.15,52653.82,24320.33
ORD-81046,2024-08-02,Pen Set Premium,Stationery,North,Priya Sharma,9,343.78,0.2,2475.22,1727.02,748.2
ORD-84698,2024-08-02,Desk Lamp LED,Furniture,South,Priya Sharma,19,1366.72,0.0,25967.68,12512.73,13454.95
ORD-53850,2024-08-03,Office Chair Ergo,Furniture,North,Rahul Nair,9,10910.61,0.05,93285.72,62396.97,30888.75
ORD-94813,2024-08-03,USB Hub 7-Port,Electronics,East,Sneha Pillai,10,1080.43,0.15,9183.66,6421.71,2761.95
ORD-21425,2024-08-03,Pen Set Premium,Stationery,North,Arjun Kumar,5,341.58,0.0,1707.9,1002.17,705.73
ORD-32044,2024-08-04,Notebook Pack,Stationery,West,Priya Sharma,17,261.04,0.0,4437.68,2411.11,2026.57
ORD-51486,2024-08-04,USB Hub 7-Port,Electronics,West,Karthik Raj,1,1287.17,0.1,1158.45,527.74,630.71
ORD-20693,2024-08-04,Desk Lamp LED,Furniture,North,Arjun Kumar,5,1404.63,0.1,6320.84,2923.01,3397.83
ORD-49257,2024-08-05,Notebook Pack,Stationery,South,Rahul Nair,16,423.07,0.15,5753.75,3347.89,2405.86
ORD-16626,2024-08-05,Laptop Pro X1,Electronics,South,Divya Menon,7,114294.18,0.0,800059.26,366641.37,433417.89
ORD-30585,2024-08-05,Desk Lamp LED,Furniture,North,Priya Sharma,7,2013.17,0.0,14092.19,8668.21,5423.98
ORD-90969,2024-08-05,Notebook Pack,Stationery,South,Karthik Raj,17,447.72,0.0,7611.24,5204.97,2406.27
ORD-50579,2024-08-05,Standing Desk,Furniture,South,Sneha Pillai,19,19235.33,0.0,365471.27,235025.39,130445.88
ORD-64484,2024-08-06,Notebook Pack,Stationery,North,Sneha Pillai,1,230.8,0.2,184.64,116.0,68.64
ORD-44179,2024-08-06,Standing Desk,Furniture,North,Priya Sharma,14,25888.48,0.1,326194.85,189419.94,136774.91
ORD-39232,2024-08-06,Desk Lamp LED,Furniture,South,Rahul Nair,7,1340.86,0.2,7508.82,4843.82,2665.0
ORD-21662,2024-08-07,Standing Desk,Furniture,North,Arjun Kumar,18,25765.28,0.15,394208.78,199933.55,194275.23
ORD-89691,2024-08-07,Notebook Pack,Stationery,North,Karthik Raj,12,280.62,0.0,3367.44,2174.04,1193.4
ORD-35260,2024-08-07,USB Hub 7-Port,Electronics,South,Priya Sharma,15,921.02,0.0,13815.3,9574.57,4240.73
ORD-51222,2024-08-07,Desk Lamp LED,Furniture,West,Rahul Nair,20,1351.9,0.2,21630.4,13797.71,7832.69
ORD-41420,2024-08-08,Notebook Pack,Stationery,North,Rahul Nair,15,390.34,0.2,4684.08,2527.2,2156.88
ORD-62550,2024-08-08,Monitor 27inch,Electronics,North,Arjun Kumar,6,20231.85,0.1,109251.99,75968.75,33283.24
ORD-91419,2024-08-08,Wireless Headphones,Electronics,West,Meera Iyer,14,4407.63,0.15,52450.8,35435.99,17014.81
ORD-33513,2024-08-08,Laptop Pro X1,Electronics,East,Divya Menon,6,113780.99,0.0,682685.94,433074.63,249611.31
ORD-89802,2024-08-08,USB Hub 7-Port,Electronics,North,Meera Iyer,20,1453.72,0.15,24713.24,12895.29,11817.95
ORD-55069,2024-08-09,Desk Lamp LED,Furniture,West,Priya Sharma,10,1473.07,0.15,12521.09,8462.84,4058.25
ORD-94488,2024-08-09,Desk Lamp LED,Furniture,West,Karthik Raj,4,2232.65,0.0,8930.6,4876.02,4054.58
ORD-16648,2024-08-10,Standing Desk,Furniture,South,Priya Sharma,10,25359.15,0.0,253591.5,148387.61,105203.89
ORD-36370,2024-08-10,USB Hub 7-Port,Electronics,South,Divya Menon,9,1143.77,0.15,8749.84,4563.24,4186.6
ORD-13396,2024-08-10,Office Chair Ergo,Furniture,East,Vikram Das,11,12546.93,0.0,138016.23,95249.14,42767.09
ORD-77993,2024-08-12,USB Hub 7-Port,Electronics,North,Divya Menon,4,1057.86,0.1,3808.3,2377.72,1430.58
ORD-65535,2024-08-13,Laptop Pro X1,Electronics,East,Arjun Kumar,19,103746.11,0.2,1576940.87,862644.03,714296.84
ORD-73353,2024-08-13,Pen Set Premium,Stationery,West,Karthik Raj,14,173.27,0.05,2304.49,1360.22,944.27
ORD-61605,2024-08-13,Office Chair Ergo,Furniture,North,Vikram Das,16,14577.58,0.0,233241.28,134258.07,98983.21
ORD-33032,2024-08-13,USB Hub 7-Port,Electronics,West,Karthik Raj,16,1165.56,0.2,14919.17,6999.34,7919.83
ORD-88918,2024-08-13,Notebook Pack,Stationery,North,Arjun Kumar,16,215.91,0.0,3454.56,1762.16,1692.4
ORD-31206,2024-08-14,Monitor 27inch,Electronics,West,Rahul Nair,4,25478.14,0.05,96816.93,62522.18,34294.75
ORD-74157,2024-08-14,Wireless Headphones,Electronics,South,Sneha Pillai,11,2992.69,0.0,32919.59,16972.96,15946.63
ORD-59832,2024-08-14,Standing Desk,Furniture,North,Meera Iyer,6,24290.79,0.15,123883.03,74941.05,48941.98
ORD-46609,2024-08-14,Notebook Pack,Stationery,West,Divya Menon,15,386.39,0.1,5216.26,2920.93,2295.33
ORD-68360,2024-08-15,Monitor 27inch,Electronics,East,Meera Iyer,19,24658.55,0.1,421661.21,278497.52,143163.69
ORD-21219,2024-08-15,Office Chair Ergo,Furniture,South,Karthik Raj,5,10914.19,0.0,54570.95,28664.24,25906.71
ORD-75463,2024-08-15,Desk Lamp LED,Furniture,South,Sneha Pillai,11,1218.44,0.05,12732.7,8702.23,4030.47
ORD-46194,2024-08-16,Wireless Headphones,Electronics,East,Sneha Pillai,3,3601.1,0.0,10803.3,6930.25,3873.05
ORD-30092,2024-08-16,USB Hub 7-Port,Electronics,East,Karthik Raj,1,1292.01,0.05,1227.41,571.75,655.66
ORD-84741,2024-08-16,Monitor 27inch,Electronics,East,Rahul Nair,17,25808.02,0.1,394862.71,201559.89,193302.82
ORD-73254,2024-08-16,Wireless Headphones,Electronics,South,Sneha Pillai,14,4141.34,0.0,57978.76,39323.73,18655.03
ORD-69389,2024-08-17,Wireless Headphones,Electronics,East,Karthik Raj,19,2954.45,0.0,56134.55,35289.73,20844.82
ORD-17017,2024-08-17,USB Hub 7-Port,Electronics,East,Rahul Nair,20,1180.29,0.1,21245.22,14222.64,7022.58
ORD-95093,2024-08-18,Monitor 27inch,Electronics,South,Vikram Das,19,18326.0,0.15,295964.9,144288.41,151676.49
ORD-85073,2024-08-18,Desk Lamp LED,Furniture,South,Sneha Pillai,10,1569.9,0.2,12559.2,8210.83,4348.37
ORD-24832,2024-08-18,Wireless Headphones,Electronics,South,Arjun Kumar,8,4342.51,0.1,31266.07,21492.0,9774.07
ORD-16932,2024-08-18,Laptop Pro X1,Electronics,South,Sneha Pillai,15,115741.1,0.0,1736116.5,936368.13,799748.37
ORD-93087,2024-08-18,Pen Set Premium,Stationery,West,Priya Sharma,18,370.41,0.0,6667.38,3531.81,3135.57
ORD-38499,2024-08-19,Standing Desk,Furniture,South,Karthik Raj,10,19102.86,0.05,181477.17,107482.8,73994.37
ORD-45405,2024-08-19,Pen Set Premium,Stationery,West,Rahul Nair,2,332.49,0.0,664.98,405.22,259.76
ORD-17784,2024-08-19,Pen Set Premium,Stationery,East,Arjun Kumar,2,234.51,0.0,469.02,234.57,234.45
ORD-68121,2024-08-19,Desk Lamp LED,Furniture,East,Priya Sharma,1,2496.31,0.0,2496.31,1686.57,809.74
ORD-80950,2024-08-19,Wireless Headphones,Electronics,South,Arjun Kumar,9,3278.72,0.2,23606.78,13870.21,9736.57
ORD-79446,2024-08-20,Desk Lamp LED,Furniture,North,Meera Iyer,7,1850.62,0.2,10363.47,6427.16,3936.31
ORD-74167,2024-08-20,Mechanical Keyboard,Electronics,West,Divya Menon,9,3152.98,0.05,26957.98,16364.25,10593.73
ORD-71541,2024-08-21,Notebook Pack,Stationery,East,Karthik Raj,19,465.57,0.2,7076.66,3442.13,3634.53
ORD-81826,2024-08-22,Wireless Headphones,Electronics,West,Meera Iyer,14,4409.1,0.0,61727.4,38059.88,23667.52
ORD-35289,2024-08-23,Monitor 27inch,Electronics,North,Vikram Das,14,26377.17,0.15,313888.32,146074.47,167813.85
ORD-46458,2024-08-24,Laptop Pro X1,Electronics,East,Arjun Kumar,6,101467.53,0.15,517484.4,290079.68,227404.72
ORD-22984,2024-08-25,Pen Set Premium,Stationery,North,Sneha Pillai,19,366.35,0.1,6264.59,3243.58,3021.01
ORD-58554,2024-08-25,Monitor 27inch,Electronics,North,Karthik Raj,11,22507.87,0.15,210448.58,137368.49,73080.09
ORD-28643,2024-08-26,Standing Desk,Furniture,West,Priya Sharma,18,20697.71,0.0,372558.78,252260.62,120298.16
ORD-13072,2024-08-27,Notebook Pack,Stationery,South,Sneha Pillai,9,257.61,0.0,2318.49,1612.53,705.96
ORD-92187,2024-08-28,USB Hub 7-Port,Electronics,East,Meera Iyer,2,999.14,0.0,1998.28,1102.72,895.56
ORD-42602,2024-08-28,Mechanical Keyboard,Electronics,East,Priya Sharma,5,4665.04,0.2,18660.16,12052.02,6608.14
ORD-74517,2024-08-28,Laptop Pro X1,Electronics,East,Rahul Nair,19,118192.9,0.2,1796532.08,1252185.65,544346.43
ORD-29163,2024-08-28,Office Chair Ergo,Furniture,South,Priya Sharma,5,10808.98,0.0,54044.9,37701.71,16343.19
ORD-55561,2024-08-28,Notebook Pack,Stationery,North,Rahul Nair,1,367.99,0.1,331.19,202.88,128.31
ORD-44099,2024-08-29,Desk Lamp LED,Furniture,North,Priya Sharma,14,1376.41,0.05,18306.25,9069.51,9236.74
ORD-58487,2024-08-30,Office Chair Ergo,Furniture,East,Priya Sharma,4,9917.25,0.2,31735.2,17574.59,14160.61
ORD-60879,2024-08-30,Laptop Pro X1,Electronics,West,Priya Sharma,17,91343.16,0.0,1552833.72,969407.32,583426.4
ORD-25696,2024-08-30,Office Chair Ergo,Furniture,West,Meera Iyer,18,14972.95,0.15,229086.14,146705.85,82380.29
ORD-39585,2024-08-30,Wireless Headphones,Electronics,South,Meera Iyer,7,2836.77,0.15,16878.78,8958.5,7920.28
ORD-22648,2024-08-30,Laptop Pro X1,Electronics,West,Priya Sharma,9,86514.85,0.0,778633.65,480336.46,298297.19
ORD-17774,2024-08-30,Pen Set Premium,Stationery,North,Vikram Das,16,212.46,0.1,3059.42,1825.03,1234.39
ORD-83864,2024-08-31,Laptop Pro X1,Electronics,South,Rahul Nair,17,95095.07,0.0,1616616.19,1083201.79,533414.4
ORD-35249,2024-08-31,Office Chair Ergo,Furniture,North,Sneha Pillai,18,14183.4,0.0,255301.2,155020.28,100280.92
ORD-66925,2024-09-01,Mechanical Keyboard,Electronics,North,Vikram Das,3,5340.37,0.2,12816.89,6839.06,5977.83
ORD-57360,2024-09-01,Wireless Headphones,Electronics,West,Vikram Das,13,3282.85,0.0,42677.05,21136.93,21540.12
ORD-59171,2024-09-01,USB Hub 7-Port,Electronics,South,Rahul Nair,9,1066.32,0.0,9596.88,5406.89,4189.99
ORD-54062,2024-09-01,Desk Lamp LED,Furniture,North,Divya Menon,14,1576.72,0.05,20970.38,10212.64,10757.74
ORD-72216,2024-09-01,Monitor 27inch,Electronics,West,Vikram Das,18,22459.14,0.0,404264.52,257077.41,147187.11
ORD-63781,2024-09-02,Pen Set Premium,Stationery,North,Karthik Raj,17,332.05,0.0,5644.85,2748.9,2895.95
ORD-89760,2024-09-03,Notebook Pack,Stationery,North,Sneha Pillai,16,400.96,0.1,5773.82,2637.04,3136.78
ORD-80010,2024-09-03,Mechanical Keyboard,Electronics,North,Divya Menon,10,3682.45,0.0,36824.5,19353.74,17470.76
ORD-69554,2024-09-04,Pen Set Premium,Stationery,South,Meera Iyer,10,355.56,0.1,3200.04,2034.35,1165.69
ORD-46726,2024-09-05,Monitor 27inch,Electronics,South,Meera Iyer,14,22216.74,0.15,264379.21,125923.16,138456.05
ORD-64916,2024-09-05,Monitor 27inch,Electronics,South,Rahul Nair,7,26246.86,0.05,174541.62,82110.64,92430.98
ORD-73133,2024-09-05,Desk Lamp LED,Furniture,North,Karthik Raj,3,1481.57,0.1,4000.24,2792.94,1207.3
ORD-98172,2024-09-05,Monitor 27inch,Electronics,North,Rahul Nair,1,24087.87,0.0,24087.87,16268.01,7819.86
ORD-64862,2024-09-06,Notebook Pack,Stationery,East,Rahul Nair,1,396.62,0.0,396.62,204.2,192.42
ORD-13873,2024-09-06,USB Hub 7-Port,Electronics,North,Rahul Nair,17,1319.19,0.0,22426.23,11173.0,11253.23
ORD-10157,2024-09-06,Laptop Pro X1,Electronics,North,Priya Sharma,16,108078.74,0.1,1556333.86,910177.5,646156.36
ORD-60377,2024-09-08,Desk Lamp LED,Furniture,South,Arjun Kumar,4,2202.26,0.15,7487.68,4701.53,2786.15
ORD-25432,2024-09-08,Notebook Pack,Stationery,North,Priya Sharma,12,371.53,0.0,4458.36,2588.94,1869.42
ORD-47274,2024-09-09,Mechanical Keyboard,Electronics,East,Priya Sharma,2,3326.66,0.0,6653.32,3262.35,3390.97
ORD-94473,2024-09-09,Wireless Headphones,Electronics,West,Vikram Das,1,2775.09,0.0,2775.09,1778.45,996.64
ORD-39218,2024-09-10,Desk Lamp LED,Furniture,East,Divya Menon,15,2435.46,0.0,36531.9,23976.9,12555.0
ORD-68171,2024-09-10,Wireless Headphones,Electronics,North,Divya Menon,7,2759.02,0.0,19313.14,12711.55,6601.59
ORD-56229,2024-09-11,USB Hub 7-Port,Electronics,North,Arjun Kumar,13,863.18,0.15,9538.14,5086.9,4451.24
ORD-31603,2024-09-11,Wireless Headphones,Electronics,West,Meera Iyer,11,4131.75,0.05,43176.79,28359.1,14817.69
ORD-77698,2024-09-11,Wireless Headphones,Electronics,South,Meera Iyer,7,4783.58,0.05,31810.81,20207.38,11603.43
ORD-44688,2024-09-11,Monitor 27inch,Electronics,North,Arjun Kumar,3,18454.62,0.15,47059.28,30247.62,16811.66
ORD-78150,2024-09-11,Monitor 27inch,Electronics,South,Karthik Raj,20,24232.33,0.2,387717.28,181889.54,205827.74
ORD-47737,2024-09-11,Standing Desk,Furniture,East,Meera Iyer,15,23552.35,0.0,353285.25,224096.85,129188.4
ORD-89116,2024-09-11,Office Chair Ergo,Furniture,West,Rahul Nair,11,14947.14,0.05,156197.61,85086.38,71111.23
ORD-61733,2024-09-12,Desk Lamp LED,Furniture,North,Arjun Kumar,9,1855.9,0.05,15867.95,8340.62,7527.33
ORD-38208,2024-09-12,USB Hub 7-Port,Electronics,South,Priya Sharma,2,965.97,0.0,1931.94,937.8,994.14
ORD-73068,2024-09-12,Standing Desk,Furniture,East,Karthik Raj,19,23379.25,0.15,377574.89,188919.69,188655.2
ORD-32131,2024-09-12,Wireless Headphones,Electronics,South,Karthik Raj,5,2739.94,0.1,12329.73,8133.89,4195.84
ORD-90933,2024-09-12,Office Chair Ergo,Furniture,East,Rahul Nair,11,12121.96,0.1,120007.4,64446.83,55560.57
ORD-56787,2024-09-12,Notebook Pack,Stationery,West,Priya Sharma,3,222.91,0.1,601.86,301.81,300.05
ORD-21930,2024-09-12,Standing Desk,Furniture,North,Divya Menon,13,21546.41,0.2,224082.66,130833.34,93249.32
ORD-93544,2024-09-13,Laptop Pro X1,Electronics,South,Sneha Pillai,4,109455.4,0.05,415930.52,201020.95,214909.57
ORD-41985,2024-09-13,Pen Set Premium,Stationery,West,Sneha Pillai,9,198.76,0.1,1609.96,842.44,767.52
ORD-32070,2024-09-13,Standing Desk,Furniture,East,Rahul Nair,3,25211.44,0.15,64289.17,39911.98,24377.19
ORD-20059,2024-09-13,Desk Lamp LED,Furniture,South,Priya Sharma,8,1786.68,0.0,14293.44,7638.75,6654.69
ORD-34685,2024-09-14,Desk Lamp LED,Furniture,West,Vikram Das,7,2433.3,0.0,17033.1,9940.9,7092.2
ORD-65027,2024-09-15,USB Hub 7-Port,Electronics,West,Priya Sharma,10,966.35,0.0,9663.5,4463.93,5199.57
ORD-78938,2024-09-16,Monitor 27inch,Electronics,South,Arjun Kumar,3,21112.28,0.0,63336.84,41303.75,22033.09
ORD-35430,2024-09-17,Mechanical Keyboard,Electronics,West,Divya Menon,18,3717.51,0.2,53532.14,34586.72,18945.42
ORD-61269,2024-09-17,Mechanical Keyboard,Electronics,East,Karthik Raj,9,5406.95,0.0,48662.55,29858.65,18803.9
ORD-49229,2024-09-17,Desk Lamp LED,Furniture,South,Meera Iyer,19,1668.25,0.0,31696.75,15001.49,16695.26
ORD-36920,2024-09-17,Desk Lamp LED,Furniture,North,Arjun Kumar,17,1337.03,0.15,19320.08,9264.27,10055.81
ORD-62649,2024-09-17,Notebook Pack,Stationery,North,Priya Sharma,2,367.78,0.0,735.56,487.3,248.26
ORD-62383,2024-09-17,Wireless Headphones,Electronics,West,Vikram Das,19,2986.09,0.15,48225.35,26330.78,21894.57
ORD-96445,2024-09-18,Office Chair Ergo,Furniture,West,Vikram Das,2,13377.82,0.0,26755.64,15822.56,10933.08
ORD-79494,2024-09-18,Wireless Headphones,Electronics,East,Sneha Pillai,14,2511.43,0.0,35160.02,17508.84,17651.18
ORD-21683,2024-09-19,Notebook Pack,Stationery,South,Arjun Kumar,16,224.22,0.0,3587.52,1775.3,1812.22
ORD-41780,2024-09-19,Desk Lamp LED,Furniture,North,Arjun Kumar,14,1382.39,0.05,18385.79,12053.91,6331.88
ORD-42846,2024-09-20,Wireless Headphones,Electronics,West,Karthik Raj,4,2587.15,0.0,10348.6,6135.02,4213.58
ORD-78920,2024-09-20,USB Hub 7-Port,Electronics,West,Sneha Pillai,1,1340.66,0.2,1072.53,653.24,419.29
ORD-99051,2024-09-21,Notebook Pack,Stationery,East,Arjun Kumar,3,401.36,0.05,1143.88,618.64,525.24
ORD-46709,2024-09-22,Desk Lamp LED,Furniture,South,Karthik Raj,5,1625.98,0.0,8129.9,4937.81,3192.09
ORD-34100,2024-09-22,Mechanical Keyboard,Electronics,West,Sneha Pillai,3,5352.09,0.0,16056.27,9334.29,6721.98
ORD-30365,2024-09-22,Office Chair Ergo,Furniture,East,Priya Sharma,10,8553.15,0.0,85531.5,59322.8,26208.7
ORD-93453,2024-09-22,Notebook Pack,Stationery,West,Divya Menon,16,383.78,0.0,6140.48,4267.83,1872.65
ORD-35056,2024-09-23,Wireless Headphones,Electronics,West,Karthik Raj,20,3744.19,0.0,74883.8,41289.9,33593.9
ORD-88766,2024-09-23,Pen Set Premium,Stationery,West,Vikram Das,16,358.52,0.0,5736.32,3618.72,2117.6
ORD-86471,2024-09-24,Standing Desk,Furniture,West,Sneha Pillai,3,21916.4,0.1,59174.28,36115.73,23058.55
ORD-72872,2024-09-24,USB Hub 7-Port,Electronics,West,Karthik Raj,4,852.1,0.0,3408.4,1811.12,1597.28
ORD-50026,2024-09-25,Standing Desk,Furniture,West,Meera Iyer,15,21568.24,0.1,291171.24,203094.22,88077.02
ORD-84599,2024-09-25,USB Hub 7-Port,Electronics,South,Priya Sharma,15,1099.26,0.05,15664.45,10471.59,5192.86
ORD-71634,2024-09-25,Monitor 27inch,Electronics,West,Vikram Das,12,24440.0,0.0,293280.0,160778.26,132501.74
ORD-93086,2024-09-25,Mechanical Keyboard,Electronics,South,Priya Sharma,3,3803.92,0.05,10841.17,6807.38,4033.79
ORD-86568,2024-09-26,Wireless Headphones,Electronics,South,Sneha Pillai,16,3626.61,0.1,52223.18,32109.71,20113.47
ORD-83607,2024-09-26,Laptop Pro X1,Electronics,East,Arjun Kumar,16,89778.72,0.2,1149167.62,627429.48,521738.14
ORD-87908,2024-09-27,Notebook Pack,Stationery,East,Meera Iyer,11,329.18,0.2,2896.78,1926.0,970.78
ORD-24943,2024-09-29,Desk Lamp LED,Furniture,South,Vikram Das,4,1865.06,0.1,6714.22,3219.02,3495.2
ORD-83647,2024-09-30,Monitor 27inch,Electronics,West,Meera Iyer,11,25036.03,0.0,275396.33,144806.18,130590.15
ORD-69488,2024-09-30,USB Hub 7-Port,Electronics,South,Karthik Raj,16,1001.78,0.2,12822.78,6715.06,6107.72
ORD-65981,2024-10-01,Wireless Headphones,Electronics,North,Sneha Pillai,9,2668.17,0.2,19210.82,11195.41,8015.41
ORD-98592,2024-10-01,Desk Lamp LED,Furniture,West,Karthik Raj,18,2034.27,0.2,29293.49,17578.37,11715.12
ORD-23968,2024-10-01,Laptop Pro X1,Electronics,East,Divya Menon,10,103797.85,0.05,986079.57,516077.39,470002.18
ORD-41610,2024-10-01,Standing Desk,Furniture,South,Sneha Pillai,2,28293.56,0.0,56587.12,32132.77,24454.35
ORD-34387,2024-10-02,USB Hub 7-Port,Electronics,South,Meera Iyer,7,1295.77,0.05,8616.87,5181.88,3434.99
ORD-73532,2024-10-02,Pen Set Premium,Stationery,North,Divya Menon,9,287.3,0.0,2585.7,1446.77,1138.93
ORD-53544,2024-10-02,Pen Set Premium,Stationery,South,Meera Iyer,4,183.87,0.0,735.48,505.43,230.05
ORD-86449,2024-10-02,Laptop Pro X1,Electronics,East,Divya Menon,9,91185.73,0.0,820671.57,479557.11,341114.46
ORD-52006,2024-10-03,Notebook Pack,Stationery,East,Divya Menon,9,321.92,0.2,2317.82,1293.27,1024.55
ORD-33713,2024-10-03,Standing Desk,Furniture,East,Divya Menon,17,18285.75,0.0,310857.75,156705.22,154152.53
ORD-30056,2024-10-05,Mechanical Keyboard,Electronics,North,Meera Iyer,20,5063.32,0.0,101266.4,47269.69,53996.71
ORD-28550,2024-10-06,Laptop Pro X1,Electronics,North,Meera Iyer,3,118378.14,0.0,355134.42,216131.87,139002.55
ORD-16827,2024-10-06,Laptop Pro X1,Electronics,North,Karthik Raj,16,107348.2,0.0,1717571.2,927671.65,789899.55
ORD-87274,2024-10-07,Pen Set Premium,Stationery,West,Karthik Raj,16,325.03,0.15,4420.41,2191.92,2228.49
ORD-58936,2024-10-07,Mechanical Keyboard,Electronics,West,Priya Sharma,20,3388.28,0.0,67765.6,36273.18,31492.42
ORD-76805,2024-10-07,Laptop Pro X1,Electronics,West,Divya Menon,5,90927.94,0.2,363711.76,242216.15,121495.61
ORD-47523,2024-10-07,Wireless Headphones,Electronics,East,Vikram Das,8,4647.64,0.05,35322.06,22578.11,12743.95
ORD-76062,2024-10-07,Desk Lamp LED,Furniture,North,Rahul Nair,12,1606.7,0.15,16388.34,7846.56,8541.78
ORD-48249,2024-10-08,Pen Set Premium,Stationery,East,Priya Sharma,7,337.0,0.1,2123.1,1151.35,971.75
ORD-27195,2024-10-08,Standing Desk,Furniture,North,Karthik Raj,4,27755.95,0.05,105472.61,64741.09,40731.52
ORD-22224,2024-10-08,Desk Lamp LED,Furniture,West,Karthik Raj,18,1406.77,0.0,25321.86,12684.75,12637.11
ORD-12913,2024-10-08,Monitor 27inch,Electronics,South,Karthik Raj,20,25782.96,0.0,515659.2,261207.03,254452.17
ORD-42429,2024-10-08,Laptop Pro X1,Electronics,South,Karthik Raj,20,100941.48,0.15,1716005.16,835423.12,880582.04
ORD-98129,2024-10-09,Standing Desk,Furniture,South,Divya Menon,20,26572.61,0.15,451734.37,242275.71,209458.66
ORD-41172,2024-10-09,Laptop Pro X1,Electronics,South,Rahul Nair,1,90003.41,0.0,90003.41,59298.28,30705.13
ORD-84798,2024-10-09,USB Hub 7-Port,Electronics,South,Rahul Nair,10,1100.47,0.1,9904.23,5330.5,4573.73
ORD-43303,2024-10-10,Notebook Pack,Stationery,East,Divya Menon,19,363.69,0.05,6564.6,4210.71,2353.89
ORD-17355,2024-10-10,Wireless Headphones,Electronics,West,Rahul Nair,10,4758.56,0.0,47585.6,25272.41,22313.19
ORD-30766,2024-10-11,Laptop Pro X1,Electronics,North,Meera Iyer,9,92328.38,0.2,664764.34,327164.73,337599.61
ORD-81576,2024-10-11,Pen Set Premium,Stationery,North,Arjun Kumar,7,336.43,0.0,2355.01,1307.13,1047.88
ORD-49838,2024-10-12,Office Chair Ergo,Furniture,North,Arjun Kumar,18,12147.53,0.0,218655.54,143887.86,74767.68
ORD-72075,2024-10-12,Desk Lamp LED,Furniture,North,Meera Iyer,2,1849.99,0.0,3699.98,1693.7,2006.28
ORD-69113,2024-10-12,USB Hub 7-Port,Electronics,South,Rahul Nair,16,1002.18,0.0,16034.88,8476.76,7558.12
ORD-90135,2024-10-12,Monitor 27inch,Electronics,North,Divya Menon,8,18180.73,0.0,145445.84,73488.61,71957.23
ORD-50383,2024-10-13,Desk Lamp LED,Furniture,East,Rahul Nair,9,2173.35,0.15,16626.13,9135.93,7490.2
ORD-13728,2024-10-13,Pen Set Premium,Stationery,North,Karthik Raj,14,194.84,0.15,2318.6,1417.12,901.48
ORD-50019,2024-10-14,Mechanical Keyboard,Electronics,East,Arjun Kumar,4,3555.24,0.15,12087.82,7319.53,4768.29
ORD-62525,2024-10-15,Wireless Headphones,Electronics,West,Priya Sharma,11,4818.6,0.15,45053.91,23675.67,21378.24
ORD-94922,2024-10-15,Wireless Headphones,Electronics,North,Priya Sharma,20,2824.77,0.15,48021.09,30779.81,17241.28
ORD-51879,2024-10-16,Desk Lamp LED,Furniture,North,Meera Iyer,5,1630.52,0.0,8152.6,4153.74,3998.86
ORD-72566,2024-10-16,Desk Lamp LED,Furniture,East,Priya Sharma,18,1579.92,0.0,28438.56,15619.89,12818.67
ORD-12154,2024-10-16,Desk Lamp LED,Furniture,West,Priya Sharma,4,2287.69,0.05,8693.22,5208.84,3484.38
ORD-81482,2024-10-16,Wireless Headphones,Electronics,North,Karthik Raj,8,3058.03,0.15,20794.6,9890.41,10904.19
ORD-11292,2024-10-17,Wireless Headphones,Electronics,East,Sneha Pillai,9,2865.82,0.2,20633.9,10449.86,10184.04
ORD-48068,2024-10-17,Desk Lamp LED,Furniture,North,Arjun Kumar,13,1467.84,0.15,16219.63,7770.55,8449.08
ORD-66164,2024-10-17,Standing Desk,Furniture,North,Divya Menon,1,25396.18,0.0,25396.18,13389.17,12007.01
ORD-54758,2024-10-18,Laptop Pro X1,Electronics,East,Karthik Raj,13,94829.17,0.15,1047862.33,682894.86,364967.47
ORD-89525,2024-10-19,Pen Set Premium,Stationery,South,Divya Menon,10,290.41,0.15,2468.49,1251.59,1216.9
ORD-56725,2024-10-19,USB Hub 7-Port,Electronics,West,Divya Menon,7,1199.26,0.05,7975.08,4587.37,3387.71
ORD-80442,2024-10-21,Standing Desk,Furniture,West,Sneha Pillai,13,27304.8,0.0,354962.4,167212.22,187750.18
ORD-27106,2024-10-22,Mechanical Keyboard,Electronics,West,Karthik Raj,6,3062.13,0.05,17454.14,11155.29,6298.85
ORD-69394,2024-10-22,Monitor 27inch,Electronics,East,Divya Menon,14,20513.82,0.1,258474.13,168341.21,90132.92
ORD-70076,2024-10-22,Desk Lamp LED,Furniture,West,Arjun Kumar,12,2451.64,0.05,27948.7,18742.57,9206.13
ORD-64401,2024-10-23,Pen Set Premium,Stationery,East,Karthik Raj,13,303.26,0.2,3153.9,2089.34,1064.56
ORD-19307,2024-10-23,Laptop Pro X1,Electronics,South,Meera Iyer,13,88946.03,0.05,1098483.47,669548.28,428935.19
ORD-97574,2024-10-23,Mechanical Keyboard,Electronics,East,Karthik Raj,6,3255.12,0.2,15624.58,7608.95,8015.63
ORD-17982,2024-10-24,Wireless Headphones,Electronics,East,Meera Iyer,4,3809.67,0.0,15238.68,10207.25,5031.43
ORD-22924,2024-10-24,Desk Lamp LED,Furniture,North,Vikram Das,11,2455.43,0.05,25659.24,12226.27,13432.97
ORD-62218,2024-10-24,USB Hub 7-Port,Electronics,North,Meera Iyer,16,1379.43,0.0,22070.88,11548.38,10522.5
ORD-65885,2024-10-25,Wireless Headphones,Electronics,South,Divya Menon,17,2936.13,0.0,49914.21,26591.67,23322.54
ORD-35318,2024-10-25,Mechanical Keyboard,Electronics,South,Arjun Kumar,11,5372.3,0.1,53185.77,32900.73,20285.04
ORD-28191,2024-10-27,Monitor 27inch,Electronics,South,Rahul Nair,2,20868.79,0.2,33390.06,18969.35,14420.71
ORD-78697,2024-10-27,Standing Desk,Furniture,East,Meera Iyer,15,24832.9,0.15,316619.47,214216.98,102402.49
ORD-50107,2024-10-27,Laptop Pro X1,Electronics,South,Divya Menon,7,100822.8,0.0,705759.6,387444.37,318315.23
ORD-80912,2024-10-27,Wireless Headphones,Electronics,East,Vikram Das,11,4067.0,0.2,35789.6,20471.18,15318.42
ORD-68580,2024-10-27,USB Hub 7-Port,Electronics,South,Karthik Raj,12,1027.56,0.1,11097.65,6346.45,4751.2
ORD-40945,2024-10-28,Wireless Headphones,Electronics,West,Karthik Raj,19,4342.15,0.05,78375.81,41911.08,36464.73
ORD-42177,2024-10-28,Mechanical Keyboard,Electronics,West,Meera Iyer,14,5477.2,0.1,69012.72,35686.4,33326.32
ORD-49596,2024-10-28,Standing Desk,Furniture,West,Arjun Kumar,16,28667.96,0.1,412818.62,215663.84,197154.78
ORD-42636,2024-10-28,Notebook Pack,Stationery,West,Arjun Kumar,9,418.89,0.0,3770.01,1739.27,2030.74
ORD-42780,2024-10-29,Mechanical Keyboard,Electronics,West,Meera Iyer,14,4537.97,0.05,60355.0,41076.83,19278.17
ORD-36946,2024-10-29,USB Hub 7-Port,Electronics,West,Divya Menon,6,878.89,0.05,5009.67,3262.09,1747.58
ORD-26544,2024-10-29,Laptop Pro X1,Electronics,North,Divya Menon,7,114373.01,0.1,720549.96,351697.26,368852.7
ORD-97432,2024-10-30,Monitor 27inch,Electronics,West,Rahul Nair,20,20072.09,0.15,341225.53,217467.66,123757.87
ORD-11520,2024-10-30,Notebook Pack,Stationery,North,Meera Iyer,13,282.56,0.15,3122.29,1752.48,1369.81
ORD-59559,2024-10-30,Standing Desk,Furniture,East,Divya Menon,18,28085.48,0.15,429707.84,277164.67,152543.17
ORD-72843,2024-10-31,Notebook Pack,Stationery,North,Karthik Raj,12,446.33,0.1,4820.36,2744.12,2076.24
ORD-39188,2024-10-31,Monitor 27inch,Electronics,North,Rahul Nair,18,21930.59,0.0,394750.62,249468.39,145282.23
ORD-28558,2024-10-31,USB Hub 7-Port,Electronics,West,Rahul Nair,19,963.09,0.0,18298.71,8403.12,9895.59
ORD-21913,2024-10-31,Laptop Pro X1,Electronics,North,Vikram Das,14,86254.12,0.1,1086801.91,489106.97,597694.94
ORD-24029,2024-10-31,USB Hub 7-Port,Electronics,North,Karthik Raj,4,1457.25,0.0,5829.0,3008.44,2820.56
ORD-21683,2024-10-31,USB Hub 7-Port,Electronics,West,Divya Menon,8,981.37,0.0,7850.96,3705.03,4145.93
ORD-73762,2024-11-01,Mechanical Keyboard,Electronics,West,Rahul Nair,6,4123.95,0.15,21032.14,10170.79,10861.35
ORD-69441,2024-11-01,USB Hub 7-Port,Electronics,South,Vikram Das,15,1421.66,0.05,20258.65,10832.97,9425.68
ORD-22483,2024-11-01,Monitor 27inch,Electronics,North,Divya Menon,11,23191.0,0.15,216835.85,135553.86,81281.99
ORD-93416,2024-11-02,Office Chair Ergo,Furniture,North,Vikram Das,19,12571.73,0.05,226919.73,125389.82,101529.91
ORD-26750,2024-11-02,Notebook Pack,Stationery,South,Priya Sharma,10,367.68,0.15,3125.28,2024.92,1100.36
ORD-99277,2024-11-02,Wireless Headphones,Electronics,South,Meera Iyer,15,4386.11,0.2,52633.32,31309.83,21323.49
ORD-81945,2024-11-02,USB Hub 7-Port,Electronics,East,Sneha Pillai,6,978.7,0.2,4697.76,3138.07,1559.69
ORD-46418,2024-11-03,Mechanical Keyboard,Electronics,North,Karthik Raj,16,3247.53,0.1,46764.43,21942.6,24821.83
ORD-57373,2024-11-04,Mechanical Keyboard,Electronics,East,Vikram Das,6,5717.86,0.0,34307.16,21692.09,12615.07
ORD-55443,2024-11-04,Office Chair Ergo,Furniture,North,Arjun Kumar,5,12910.5,0.0,64552.5,37059.8,27492.7
ORD-93780,2024-11-04,Office Chair Ergo,Furniture,South,Vikram Das,19,13147.96,0.0,249811.24,169774.32,80036.92
ORD-56152,2024-11-05,USB Hub 7-Port,Electronics,West,Rahul Nair,19,1143.31,0.0,21722.89,12613.76,9109.13
ORD-46010,2024-11-06,Pen Set Premium,Stationery,North,Arjun Kumar,18,287.91,0.0,5182.38,2353.74,2828.64
ORD-44523,2024-11-06,USB Hub 7-Port,Electronics,West,Meera Iyer,18,1398.05,0.1,22648.41,10507.37,12141.04
ORD-46747,2024-11-06,Wireless Headphones,Electronics,North,Vikram Das,1,2900.59,0.0,2900.59,1959.82,940.77
ORD-35124,2024-11-07,Office Chair Ergo,Furniture,West,Priya Sharma,4,9011.03,0.0,36044.12,23382.7,12661.42
ORD-87436,2024-11-07,Standing Desk,Furniture,West,Sneha Pillai,4,23778.2,0.05,90357.16,51481.47,38875.69
ORD-38394,2024-11-07,Mechanical Keyboard,Electronics,North,Vikram Das,19,4134.89,0.05,74634.76,45347.2,29287.56
ORD-88352,2024-11-07,Notebook Pack,Stationery,North,Divya Menon,7,220.19,0.1,1387.2,635.88,751.32
ORD-81066,2024-11-08,Pen Set Premium,Stationery,South,Divya Menon,10,204.43,0.0,2044.3,1215.94,828.36
ORD-56437,2024-11-09,Pen Set Premium,Stationery,West,Sneha Pillai,6,264.92,0.1,1430.57,766.19,664.38
ORD-72240,2024-11-10,Monitor 27inch,Electronics,East,Sneha Pillai,10,20184.45,0.2,161475.6,97623.33,63852.27
ORD-62572,2024-11-11,Office Chair Ergo,Furniture,West,Meera Iyer,12,14661.93,0.0,175943.16,92090.99,83852.17
ORD-10235,2024-11-12,Desk Lamp LED,Furniture,South,Vikram Das,10,2154.19,0.0,21541.9,10379.69,11162.21
ORD-96419,2024-11-12,Notebook Pack,Stationery,South,Divya Menon,8,265.09,0.0,2120.72,1255.67,865.05
ORD-76981,2024-11-13,Pen Set Premium,Stationery,North,Sneha Pillai,1,302.13,0.1,271.92,152.88,119.04
ORD-34729,2024-11-13,Notebook Pack,Stationery,South,Meera Iyer,4,410.34,0.1,1477.22,890.43,586.79
ORD-55209,2024-11-13,Monitor 27inch,Electronics,West,Rahul Nair,14,21696.3,0.0,303748.2,137612.42,166135.78
ORD-86637,2024-11-13,Standing Desk,Furniture,North,Divya Menon,14,21894.16,0.0,306518.24,198806.99,107711.25
ORD-29795,2024-11-15,Laptop Pro X1,Electronics,North,Vikram Das,5,114489.07,0.0,572445.35,267327.39,305117.96
ORD-61645,2024-11-15,Notebook Pack,Stationery,South,Meera Iyer,5,494.22,0.1,2223.99,1015.79,1208.2
ORD-95003,2024-11-15,Standing Desk,Furniture,East,Vikram Das,16,29014.82,0.0,464237.12,213538.01,250699.11
ORD-53953,2024-11-15,Wireless Headphones,Electronics,East,Priya Sharma,8,4318.4,0.0,34547.2,16899.86,17647.34
ORD-28690,2024-11-15,Wireless Headphones,Electronics,West,Meera Iyer,19,2990.72,0.0,56823.68,32882.93,23940.75
ORD-90599,2024-11-15,Pen Set Premium,Stationery,South,Rahul Nair,1,345.84,0.0,345.84,163.53,182.31
ORD-63354,2024-11-16,Pen Set Premium,Stationery,South,Rahul Nair,19,294.05,0.0,5586.95,3610.03,1976.92
ORD-23178,2024-11-16,USB Hub 7-Port,Electronics,South,Divya Menon,2,870.14,0.0,1740.28,1095.23,645.05
ORD-39154,2024-11-16,Standing Desk,Furniture,East,Rahul Nair,4,22590.5,0.0,90362.0,60058.95,30303.05
ORD-50481,2024-11-17,Pen Set Premium,Stationery,East,Priya Sharma,6,326.8,0.1,1764.72,1072.12,692.6
ORD-18130,2024-11-17,Laptop Pro X1,Electronics,South,Karthik Raj,6,119423.63,0.15,609060.51,312228.93,296831.58
ORD-87401,2024-11-17,Standing Desk,Furniture,West,Vikram Das,7,23851.75,0.0,166962.25,83842.66,83119.59
ORD-38074,2024-11-17,USB Hub 7-Port,Electronics,North,Vikram Das,17,1053.28,0.0,17905.76,9440.21,8465.55
ORD-83351,2024-11-18,Wireless Headphones,Electronics,East,Rahul Nair,6,3184.09,0.0,19104.54,13174.0,5930.54
ORD-35098,2024-11-18,USB Hub 7-Port,Electronics,East,Divya Menon,16,1259.33,0.0,20149.28,9855.67,10293.61
ORD-74740,2024-11-18,Wireless Headphones,Electronics,West,Vikram Das,11,4533.49,0.0,49868.39,24898.33,24970.06
ORD-54456,2024-11-18,Monitor 27inch,Electronics,South,Arjun Kumar,19,19793.72,0.0,376080.68,216598.66,159482.02
ORD-92384,2024-11-19,Mechanical Keyboard,Electronics,East,Arjun Kumar,4,4561.86,0.1,16422.7,7811.51,8611.19
ORD-17398,2024-11-19,Laptop Pro X1,Electronics,South,Arjun Kumar,13,100363.7,0.1,1174255.29,592197.26,582058.03
ORD-53621,2024-11-19,Pen Set Premium,Stationery,West,Sneha Pillai,14,171.61,0.0,2402.54,1612.57,789.97
ORD-15486,2024-11-19,Wireless Headphones,Electronics,North,Arjun Kumar,9,4379.5,0.0,39415.5,24292.98,15122.52
ORD-57352,2024-11-19,Office Chair Ergo,Furniture,West,Divya Menon,4,10294.93,0.1,37061.75,18461.9,18599.85
ORD-83584,2024-11-19,Mechanical Keyboard,Electronics,West,Sneha Pillai,4,5024.51,0.05,19093.14,8711.36,10381.78
ORD-44891,2024-11-20,Pen Set Premium,Stationery,North,Divya Menon,7,197.64,0.2,1106.78,723.12,383.66
ORD-47040,2024-11-20,Standing Desk,Furniture,East,Meera Iyer,5,23814.09,0.0,119070.45,75418.05,43652.4
ORD-34931,2024-11-20,Wireless Headphones,Electronics,North,Vikram Das,11,4501.48,0.0,49516.28,25360.46,24155.82
ORD-16672,2024-11-21,USB Hub 7-Port,Electronics,South,Rahul Nair,3,1056.94,0.0,3170.82,1834.07,1336.75
ORD-53933,2024-11-22,Standing Desk,Furniture,West,Rahul Nair,3,21405.44,0.15,54583.87,33199.83,21384.04
ORD-32114,2024-11-23,Wireless Headphones,Electronics,North,Rahul Nair,13,3501.56,0.1,40968.25,28448.05,12520.2
ORD-49008,2024-11-23,Mechanical Keyboard,Electronics,West,Divya Menon,8,3837.02,0.0,30696.16,15538.91,15157.25
ORD-98479,2024-11-24,Mechanical Keyboard,Electronics,South,Meera Iyer,12,3533.82,0.15,36044.96,16530.62,19514.34
ORD-44314,2024-11-24,Standing Desk,Furniture,West,Rahul Nair,14,27509.56,0.0,385133.84,201251.01,183882.83
ORD-44517,2024-11-24,Standing Desk,Furniture,East,Vikram Das,12,24198.05,0.0,290376.6,181544.8,108831.8
ORD-65615,2024-11-24,USB Hub 7-Port,Electronics,South,Priya Sharma,15,1461.66,0.1,19732.41,10355.34,9377.07
ORD-73192,2024-11-25,Notebook Pack,Stationery,West,Sneha Pillai,2,409.29,0.05,777.65,394.56,383.09
ORD-93463,2024-11-25,Pen Set Premium,Stationery,North,Karthik Raj,5,283.82,0.0,1419.1,844.11,574.99
ORD-18324,2024-11-25,Pen Set Premium,Stationery,South,Arjun Kumar,17,154.75,0.1,2367.68,1252.41,1115.27
ORD-51839,2024-11-25,USB Hub 7-Port,Electronics,East,Meera Iyer,4,1484.06,0.0,5936.24,3394.91,2541.33
ORD-96317,2024-11-26,Monitor 27inch,Electronics,South,Arjun Kumar,16,24720.95,0.05,375758.44,210242.33,165516.11
ORD-47243,2024-11-26,Desk Lamp LED,Furniture,North,Sneha Pillai,3,1628.6,0.1,4397.22,2724.49,1672.73
ORD-24337,2024-11-26,Laptop Pro X1,Electronics,East,Meera Iyer,19,85035.23,0.2,1292535.5,661619.98,630915.52
ORD-86397,2024-11-26,Monitor 27inch,Electronics,North,Arjun Kumar,6,26928.8,0.0,161572.8,76745.92,84826.88
ORD-40704,2024-11-27,Monitor 27inch,Electronics,South,Priya Sharma,20,24252.37,0.2,388037.92,244251.39,143786.53
ORD-27324,2024-11-27,Pen Set Premium,Stationery,North,Arjun Kumar,11,354.28,0.2,3117.66,1732.1,1385.56
ORD-30155,2024-11-27,Wireless Headphones,Electronics,West,Sneha Pillai,19,4822.87,0.0,91634.53,60409.54,31224.99
ORD-57223,2024-11-28,Notebook Pack,Stationery,North,Vikram Das,10,242.92,0.0,2429.2,1461.75,967.45
ORD-36143,2024-11-28,Office Chair Ergo,Furniture,North,Rahul Nair,14,12570.25,0.05,167184.32,95188.42,71995.9
ORD-25650,2024-11-28,Notebook Pack,Stationery,East,Karthik Raj,10,456.65,0.0,4566.5,2178.78,2387.72
ORD-70266,2024-11-29,Monitor 27inch,Electronics,East,Meera Iyer,9,20459.28,0.0,184133.52,98586.46,85547.06
ORD-66966,2024-12-01,Notebook Pack,Stationery,North,Priya Sharma,6,263.54,0.0,1581.24,875.63,705.61
ORD-44290,2024-12-01,Office Chair Ergo,Furniture,West,Meera Iyer,4,14213.16,0.05,54010.01,24925.25,29084.76
ORD-29162,2024-12-01,Office Chair Ergo,Furniture,South,Meera Iyer,6,9254.02,0.1,49971.71,30725.27,19246.44
ORD-11690,2024-12-02,Mechanical Keyboard,Electronics,East,Sneha Pillai,4,4603.26,0.0,18413.04,12075.8,6337.24
ORD-98225,2024-12-02,Monitor 27inch,Electronics,West,Rahul Nair,10,25229.95,0.05,239684.52,165370.54,74313.98
ORD-64059,2024-12-02,Mechanical Keyboard,Electronics,West,Vikram Das,11,5580.56,0.0,61386.16,37352.37,24033.79
ORD-68385,2024-12-02,Desk Lamp LED,Furniture,South,Sneha Pillai,4,2281.67,0.1,8214.01,4106.74,4107.27
ORD-31916,2024-12-02,Notebook Pack,Stationery,South,Rahul Nair,9,290.34,0.05,2482.41,1207.65,1274.76
ORD-43493,2024-12-02,Wireless Headphones,Electronics,South,Meera Iyer,13,2519.67,0.05,31117.92,21218.59,9899.33
ORD-72601,2024-12-03,Office Chair Ergo,Furniture,West,Priya Sharma,10,11277.53,0.0,112775.3,76326.54,36448.76
ORD-98356,2024-12-03,Office Chair Ergo,Furniture,West,Priya Sharma,17,11220.49,0.15,162136.08,73302.48,88833.6
ORD-58843,2024-12-04,Pen Set Premium,Stationery,North,Priya Sharma,3,173.31,0.0,519.93,330.75,189.18
ORD-91836,2024-12-04,Notebook Pack,Stationery,South,Arjun Kumar,19,217.96,0.0,4141.24,2213.08,1928.16
ORD-44786,2024-12-04,Mechanical Keyboard,Electronics,East,Sneha Pillai,4,3813.28,0.05,14490.46,8917.91,5572.55
ORD-51774,2024-12-04,Standing Desk,Furniture,South,Meera Iyer,3,27590.33,0.0,82770.99,43349.41,39421.58
ORD-59456,2024-12-04,Desk Lamp LED,Furniture,East,Karthik Raj,7,1309.72,0.0,9168.04,4542.51,4625.53
ORD-17969,2024-12-04,Standing Desk,Furniture,North,Karthik Raj,9,24089.85,0.2,173446.92,111995.89,61451.03
ORD-24643,2024-12-05,Standing Desk,Furniture,East,Rahul Nair,7,19562.62,0.0,136938.34,76165.28,60773.06
ORD-28024,2024-12-05,Pen Set Premium,Stationery,South,Meera Iyer,12,195.99,0.05,2234.29,1279.94,954.35
ORD-59856,2024-12-05,Monitor 27inch,Electronics,West,Divya Menon,14,22048.67,0.0,308681.38,185820.79,122860.59
ORD-28590,2024-12-05,Standing Desk,Furniture,South,Sneha Pillai,3,19999.75,0.0,59999.25,40497.53,19501.72
ORD-26552,2024-12-05,Desk Lamp LED,Furniture,West,Karthik Raj,6,2402.32,0.1,12972.53,7331.73,5640.8
ORD-62581,2024-12-05,USB Hub 7-Port,Electronics,South,Sneha Pillai,2,960.33,0.0,1920.66,1250.85,669.81
ORD-37453,2024-12-06,Office Chair Ergo,Furniture,East,Meera Iyer,3,8123.97,0.0,24371.91,13508.13,10863.78
ORD-89869,2024-12-06,Desk Lamp LED,Furniture,South,Meera Iyer,2,1299.5,0.0,2599.0,1194.43,1404.57
ORD-46369,2024-12-07,Standing Desk,Furniture,South,Meera Iyer,6,18482.79,0.1,99807.07,51544.45,48262.62
ORD-41091,2024-12-07,Mechanical Keyboard,Electronics,West,Karthik Raj,7,5998.12,0.2,33589.47,19172.94,14416.53
ORD-30892,2024-12-07,Pen Set Premium,Stationery,West,Rahul Nair,4,183.13,0.15,622.64,289.32,333.32
ORD-12082,2024-12-07,Notebook Pack,Stationery,East,Priya Sharma,5,240.53,0.0,1202.65,574.84,627.81
ORD-48737,2024-12-08,Laptop Pro X1,Electronics,East,Divya Menon,17,106242.44,0.0,1806121.48,1150428.78,655692.7
ORD-98542,2024-12-08,Mechanical Keyboard,Electronics,South,Arjun Kumar,12,5442.08,0.0,65304.96,39445.97,25858.99
ORD-41890,2024-12-08,Pen Set Premium,Stationery,West,Meera Iyer,1,173.26,0.0,173.26,95.48,77.78
ORD-52604,2024-12-08,Standing Desk,Furniture,West,Meera Iyer,2,26469.3,0.1,47644.74,23909.82,23734.92
ORD-36878,2024-12-08,Monitor 27inch,Electronics,North,Priya Sharma,19,24744.13,0.15,399617.7,251454.58,148163.12
ORD-32439,2024-12-09,Desk Lamp LED,Furniture,North,Karthik Raj,5,1344.44,0.05,6386.09,3605.87,2780.22
ORD-60023,2024-12-09,Monitor 27inch,Electronics,South,Priya Sharma,11,21770.1,0.15,203550.43,129405.55,74144.88
ORD-30203,2024-12-10,Wireless Headphones,Electronics,West,Meera Iyer,5,4083.34,0.0,20416.7,10477.25,9939.45
ORD-68222,2024-12-10,Desk Lamp LED,Furniture,South,Meera Iyer,2,1734.12,0.15,2948.0,1856.93,1091.07
ORD-65345,2024-12-11,Monitor 27inch,Electronics,North,Vikram Das,16,18335.37,0.05,278697.62,164242.19,114455.43
ORD-73788,2024-12-11,Office Chair Ergo,Furniture,West,Vikram Das,20,8965.07,0.05,170336.33,94666.07,75670.26
ORD-45203,2024-12-11,Notebook Pack,Stationery,North,Vikram Das,11,407.15,0.0,4478.65,2850.38,1628.27
ORD-35035,2024-12-12,Mechanical Keyboard,Electronics,South,Vikram Das,10,5475.7,0.1,49281.3,30040.02,19241.28
ORD-65641,2024-12-12,Mechanical Keyboard,Electronics,West,Sneha Pillai,12,5409.44,0.2,51930.62,36269.03,15661.59
ORD-24927,2024-12-12,Pen Set Premium,Stationery,South,Sneha Pillai,13,220.08,0.2,2288.83,1254.81,1034.02
ORD-79827,2024-12-12,USB Hub 7-Port,Electronics,South,Meera Iyer,11,863.69,0.05,9025.56,6261.99,2763.57
ORD-92058,2024-12-13,Standing Desk,Furniture,North,Divya Menon,16,25783.48,0.15,350655.33,178990.28,171665.05
ORD-97551,2024-12-14,Notebook Pack,Stationery,East,Vikram Das,1,368.27,0.1,331.44,165.6,165.84
ORD-34334,2024-12-14,Wireless Headphones,Electronics,West,Priya Sharma,4,4795.03,0.0,19180.12,12129.27,7050.85
ORD-54967,2024-12-14,Pen Set Premium,Stationery,East,Priya Sharma,10,161.17,0.15,1369.94,655.89,714.05
ORD-57371,2024-12-14,Laptop Pro X1,Electronics,West,Vikram Das,8,93482.35,0.0,747858.8,508818.55,239040.25
ORD-92209,2024-12-14,Monitor 27inch,Electronics,East,Meera Iyer,18,24959.39,0.0,449269.02,285162.36,164106.66
ORD-23791,2024-12-15,Standing Desk,Furniture,West,Vikram Das,18,19454.77,0.0,350185.86,164283.89,185901.97
ORD-22156,2024-12-15,Notebook Pack,Stationery,East,Karthik Raj,5,264.59,0.2,1058.36,565.32,493.04
ORD-60800,2024-12-16,Standing Desk,Furniture,West,Vikram Das,15,26474.69,0.2,317696.28,215791.21,101905.07
ORD-42576,2024-12-16,Notebook Pack,Stationery,South,Arjun Kumar,20,236.87,0.1,4263.66,2216.54,2047.12
ORD-84878,2024-12-16,Laptop Pro X1,Electronics,North,Divya Menon,3,95749.19,0.1,258522.81,164669.42,93853.39
ORD-67154,2024-12-17,Monitor 27inch,Electronics,West,Arjun Kumar,17,25076.06,0.2,341034.42,195300.13,145734.29
ORD-78572,2024-12-17,Pen Set Premium,Stationery,West,Vikram Das,14,237.93,0.2,2664.82,1560.56,1104.26
ORD-19565,2024-12-17,USB Hub 7-Port,Electronics,North,Rahul Nair,4,1003.46,0.0,4013.84,2378.33,1635.51
ORD-45386,2024-12-19,Office Chair Ergo,Furniture,South,Arjun Kumar,10,10946.1,0.0,109461.0,67386.46,42074.54
ORD-41499,2024-12-19,Mechanical Keyboard,Electronics,North,Divya Menon,3,3724.07,0.05,10613.6,6072.51,4541.09
ORD-38953,2024-12-19,Desk Lamp LED,Furniture,West,Arjun Kumar,6,1983.11,0.2,9518.93,6585.99,2932.94
ORD-32089,2024-12-20,USB Hub 7-Port,Electronics,East,Divya Menon,17,1278.85,0.0,21740.45,13084.35,8656.1
ORD-85231,2024-12-20,Laptop Pro X1,Electronics,East,Karthik Raj,17,119661.73,0.0,2034249.41,1054479.9,979769.51
ORD-83187,2024-12-20,Wireless Headphones,Electronics,South,Sneha Pillai,1,3008.2,0.2,2406.56,1093.27,1313.29
ORD-30732,2024-12-20,Notebook Pack,Stationery,North,Rahul Nair,6,364.99,0.1,1970.95,1053.23,917.72
ORD-82276,2024-12-20,Laptop Pro X1,Electronics,East,Priya Sharma,14,105935.17,0.1,1334783.14,910777.12,424006.02
ORD-80452,2024-12-20,Notebook Pack,Stationery,East,Rahul Nair,4,297.57,0.15,1011.74,685.17,326.57
ORD-44668,2024-12-21,Notebook Pack,Stationery,North,Sneha Pillai,8,352.27,0.0,2818.16,1887.89,930.27
ORD-80341,2024-12-21,Monitor 27inch,Electronics,North,Priya Sharma,2,26287.74,0.1,47317.93,23684.48,23633.45
ORD-97932,2024-12-22,Desk Lamp LED,Furniture,West,Sneha Pillai,10,1632.03,0.0,16320.3,10252.82,6067.48
ORD-36476,2024-12-22,Pen Set Premium,Stationery,North,Priya Sharma,18,304.75,0.0,5485.5,3463.2,2022.3
ORD-81932,2024-12-23,Pen Set Premium,Stationery,West,Arjun Kumar,3,154.75,0.0,464.25,305.82,158.43
ORD-45513,2024-12-24,Desk Lamp LED,Furniture,East,Vikram Das,16,2100.07,0.0,33601.12,16322.48,17278.64
ORD-46497,2024-12-24,Wireless Headphones,Electronics,West,Vikram Das,16,3157.64,0.2,40417.79,19570.48,20847.31
ORD-79720,2024-12-25,Desk Lamp LED,Furniture,North,Priya Sharma,11,2385.43,0.1,23615.76,14022.37,9593.39
ORD-46500,2024-12-25,Laptop Pro X1,Electronics,South,Priya Sharma,2,115087.24,0.0,230174.48,133164.92,97009.56
ORD-94536,2024-12-26,Pen Set Premium,Stationery,East,Priya Sharma,20,206.96,0.0,4139.2,2605.18,1534.02
ORD-49666,2024-12-27,Laptop Pro X1,Electronics,East,Vikram Das,3,102396.91,0.0,307190.73,166772.59,140418.14
ORD-16955,2024-12-28,Notebook Pack,Stationery,East,Vikram Das,1,356.82,0.0,356.82,194.54,162.28
ORD-93586,2024-12-28,Office Chair Ergo,Furniture,North,Vikram Das,9,12293.65,0.15,94046.42,56049.29,37997.13
ORD-27436,2024-12-29,Desk Lamp LED,Furniture,West,Karthik Raj,5,2130.65,0.1,9587.93,5162.62,4425.31
ORD-72709,2024-12-29,Wireless Headphones,Electronics,North,Rahul Nair,5,3300.64,0.05,15678.04,8805.95,6872.09
ORD-77286,2024-12-29,USB Hub 7-Port,Electronics,North,Karthik Raj,3,1334.18,0.0,4002.54,2250.75,1751.79
ORD-70666,2024-12-30,Notebook Pack,Stationery,East,Sneha Pillai,5,403.87,0.0,2019.35,1351.9,667.45
ORD-31495,2024-12-30,Standing Desk,Furniture,West,Priya Sharma,9,21888.9,0.15,167450.08,113328.64,54121.44
ORD-98761,2024-12-30,Mechanical Keyboard,Electronics,West,Vikram Das,12,4376.99,0.0,52523.88,29763.94,22759.94
ORD-84468,2024-12-30,USB Hub 7-Port,Electronics,East,Vikram Das,18,1203.45,0.0,21662.1,15045.59,6616.51
ORD-66168,2024-12-30,Pen Set Premium,Stationery,West,Divya Menon,9,196.02,0.0,1764.18,834.65,929.53
ORD-89559,2024-12-31,Pen Set Premium,Stationery,South,Meera Iyer,9,360.39,0.0,3243.51,2139.5,1104.01
ORD-29769,2024-12-31,Mechanical Keyboard,Electronics,South,Karthik Raj,11,3959.13,0.1,39195.39,18427.49,20767.9
ORD-50609,2024-12-31,Desk Lamp LED,Furniture,West,Vikram Das,5,2482.07,0.0,12410.35,7637.95,4772.4
